dateTime,regionCode,aqi_code,aqi_displayName,aqi_value,co_concentration,no_concentration,no2_concentration,o3_concentration,so2_concentration,pm10_concentration,aqi_category,dominantPollutant,pm2_5_concentration,nh3_concentration
2025-04-04 23:00:00+00:00,jp,uaqi,Universal AQI,77.0,200.25,0.04,18.34,29.15,0.0,18.66,,,,
2025-04-05 00:00:00+00:00,jp,uaqi,Universal AQI,82.0,281.25,0.12,23.17,23.54,0.0,16.16,,,,
2025-04-05 01:00:00+00:00,jp,uaqi,Universal AQI,79.0,364.37,2.1,28.18,18.86,0.0,18.68,,,,
2025-04-05 02:00:00+00:00,jp,uaqi,Universal AQI,72.0,300.14,1.33,16.56,35.42,0.35,16.4,,,,
2025-04-05 03:00:00+00:00,jp,uaqi,Universal AQI,68.0,300.84,1.99,12.97,40.21,1.0,20.87,,,,
2025-04-05 04:00:00+00:00,jp,uaqi,Universal AQI,69.0,218.43,3.87,16.16,38.7,1.0,20.05,,,,
2025-04-05 05:00:00+00:00,jp,uaqi,Universal AQI,71.0,217.92,6.59,17.85,37.19,1.0,17.38,,,,
2025-04-05 06:00:00+00:00,jp,uaqi,Universal AQI,67.0,299.13,3.82,14.88,42.01,1.01,20.57,,,,
2025-04-05 07:00:00+00:00,jp,uaqi,Universal AQI,58.0,217.75,1.85,10.06,52.49,0.36,16.5,,,,
2025-04-05 08:00:00+00:00,jp,uaqi,Universal AQI,55.0,201.09,0.1,6.72,56.39,0.36,15.77,,,,
2025-04-05 09:00:00+00:00,jp,uaqi,Universal AQI,53.0,217.75,0.04,3.71,59.22,1.0,18.29,,,,
2025-04-05 10:00:00+00:00,jp,uaqi,Universal AQI,54.0,217.63,0.1,6.98,58.0,1.0,17.68,,,,
2025-04-05 11:00:00+00:00,jp,uaqi,Universal AQI,57.0,217.63,0.06,11.95,54.18,1.0,18.64,,,,
2025-04-05 12:00:00+00:00,jp,uaqi,Universal AQI,58.0,218.45,0.02,12.23,52.8,1.0,17.64,,,,
2025-04-05 13:00:00+00:00,jp,uaqi,Universal AQI,63.0,299.44,0.02,18.03,46.44,1.01,17.62,,,,
2025-04-05 14:00:00+00:00,jp,uaqi,Universal AQI,67.0,217.76,0.06,19.8,42.06,1.01,16.5,,,,
2025-04-05 15:00:00+00:00,jp,uaqi,Universal AQI,65.0,299.24,0.0,16.59,44.45,1.0,19.17,,,,
2025-04-05 16:00:00+00:00,jp,uaqi,Universal AQI,72.0,299.38,0.04,22.41,35.84,1.0,19.95,,,,
2025-04-05 17:00:00+00:00,jp,uaqi,Universal AQI,69.0,298.77,0.0,16.85,38.88,1.0,19.89,,,,
2025-04-05 18:00:00+00:00,jp,uaqi,Universal AQI,65.0,217.19,0.08,14.28,43.73,1.0,16.9,,,,
2025-04-05 19:00:00+00:00,jp,uaqi,Universal AQI,68.0,298.4,0.0,13.64,40.78,1.0,16.11,,,,
2025-04-05 20:00:00+00:00,jp,uaqi,Universal AQI,74.0,298.51,0.0,19.07,32.71,1.0,21.53,,,,
2025-04-05 21:00:00+00:00,jp,uaqi,Universal AQI,72.0,217.48,0.0,14.55,35.93,1.0,17.73,,,,
2025-04-05 22:00:00+00:00,jp,uaqi,Universal AQI,72.0,217.24,0.0,16.28,35.26,1.0,17.5,,,,
2025-04-05 23:00:00+00:00,jp,uaqi,Universal AQI,71.0,217.06,0.0,15.01,36.29,1.0,16.9,,,,
2025-04-05 23:00:00+00:00,jp,uaqi,Universal AQI,71.0,217.06,0.0,15.01,36.29,1.0,16.9,,,,
2025-04-06 00:00:00+00:00,jp,uaqi,Universal AQI,73.0,216.99,0.0,17.7,34.68,1.0,18.1,,,,
2025-04-06 01:00:00+00:00,jp,uaqi,Universal AQI,76.0,218.01,0.02,21.52,30.91,1.0,17.15,,,,
2025-04-06 02:00:00+00:00,jp,uaqi,Universal AQI,77.0,299.15,2.8,23.35,28.93,1.34,19.86,,,,
2025-04-06 03:00:00+00:00,jp,uaqi,Universal AQI,70.0,218.27,1.87,13.71,37.75,1.34,16.58,,,,
2025-04-06 04:00:00+00:00,jp,uaqi,Universal AQI,64.0,218.35,0.99,9.05,45.38,1.0,15.78,,,,
2025-04-06 05:00:00+00:00,jp,uaqi,Universal AQI,62.0,299.31,1.02,9.47,47.44,1.01,15.87,,,,
2025-04-06 06:00:00+00:00,jp,uaqi,Universal AQI,58.0,200.11,0.95,7.28,53.19,1.01,15.65,,,,
2025-04-06 07:00:00+00:00,jp,uaqi,Universal AQI,56.0,200.81,0.91,7.9,55.98,1.66,22.11,,,,
2025-04-06 08:00:00+00:00,jp,uaqi,Universal AQI,50.0,201.66,0.02,6.39,63.49,2.0,31.57,,,,
2025-04-06 09:00:00+00:00,jp,uaqi,Universal AQI,48.0,201.67,0.02,8.32,65.32,2.0,30.29,,,,
2025-04-06 10:00:00+00:00,jp,uaqi,Universal AQI,48.0,282.54,0.02,9.17,65.37,1.66,28.47,,,,
2025-04-06 11:00:00+00:00,jp,uaqi,Universal AQI,48.0,282.83,0.02,8.67,65.32,1.66,30.84,,,,
2025-04-06 12:00:00+00:00,jp,uaqi,Universal AQI,49.0,218.65,0.02,12.79,64.37,1.01,31.07,,,,
2025-04-06 13:00:00+00:00,jp,uaqi,Universal AQI,52.0,218.25,0.0,18.08,59.93,1.01,30.01,,,,
2025-04-06 14:00:00+00:00,jp,uaqi,Universal AQI,56.0,218.24,0.0,10.98,55.86,1.0,30.44,,,,
2025-04-06 15:00:00+00:00,jp,uaqi,Universal AQI,61.0,299.3,0.0,14.23,49.33,1.0,32.79,,,,
2025-04-06 16:00:00+00:00,jp,uaqi,Universal AQI,63.0,299.33,0.0,12.03,46.54,1.0,30.3,,,,
2025-04-06 17:00:00+00:00,jp,uaqi,Universal AQI,58.0,299.31,0.01,7.26,52.96,1.0,29.61,,,,
2025-04-06 18:00:00+00:00,jp,uaqi,Universal AQI,58.0,218.31,0.0,7.24,53.09,0.65,26.63,,,,
2025-04-06 19:00:00+00:00,jp,uaqi,Universal AQI,57.0,218.3,0.0,5.06,54.01,0.65,28.0,,,,
2025-04-06 20:00:00+00:00,jp,uaqi,Universal AQI,59.0,218.3,0.0,4.95,52.25,0.65,23.96,,,,
2025-04-06 21:00:00+00:00,jp,uaqi,Universal AQI,64.0,218.27,0.0,9.55,45.7,0.65,21.4,,,,
2025-04-06 22:00:00+00:00,jp,uaqi,Universal AQI,68.0,299.29,0.04,13.7,41.02,0.01,22.05,,,,
2025-04-06 23:00:00+00:00,jp,uaqi,Universal AQI,68.0,299.29,0.28,18.78,40.55,0.0,19.97,,,,
2025-04-06 23:00:00+00:00,jp,uaqi,Universal AQI,68.0,299.29,0.28,18.78,40.55,0.0,19.97,,,,
2025-04-07 00:00:00+00:00,jp,uaqi,Universal AQI,71.0,300.17,0.41,22.08,36.47,0.0,21.99,,,,
2025-04-07 01:00:00+00:00,jp,uaqi,Universal AQI,70.0,463.94,3.23,39.73,22.29,0.65,23.98,,,,
2025-04-07 02:00:00+00:00,jp,uaqi,Universal AQI,68.0,400.83,1.22,20.32,40.35,0.65,24.11,,,,
2025-04-07 03:00:00+00:00,jp,uaqi,Universal AQI,62.0,318.07,2.11,14.76,47.65,1.0,21.76,,,,
2025-04-07 04:00:00+00:00,jp,uaqi,Universal AQI,65.0,299.59,4.17,18.07,44.38,1.65,26.4,,,,
2025-04-07 05:00:00+00:00,jp,uaqi,Universal AQI,66.0,299.56,5.11,19.51,42.72,1.65,26.88,,,,
2025-04-07 06:00:00+00:00,jp,uaqi,Universal AQI,63.0,299.88,3.07,16.46,46.67,1.65,24.88,,,,
2025-04-07 07:00:00+00:00,jp,uaqi,Universal AQI,57.0,301.55,1.24,10.69,54.06,3.0,26.25,,,,
2025-04-07 08:00:00+00:00,jp,uaqi,Universal AQI,54.0,299.61,1.08,11.27,57.58,2.65,22.3,,,,
2025-04-07 09:00:00+00:00,jp,uaqi,Universal AQI,47.0,299.64,0.12,8.03,66.27,2.0,22.65,,,,
2025-04-07 10:00:00+00:00,jp,uaqi,Universal AQI,50.0,218.47,0.99,13.54,63.02,2.0,22.31,,,,
2025-04-07 11:00:00+00:00,jp,uaqi,Universal AQI,52.0,218.65,0.95,19.37,60.78,2.0,25.15,,,,
2025-04-07 12:00:00+00:00,jp,uaqi,Universal AQI,63.0,300.73,1.04,37.39,46.88,2.0,26.22,,,,
2025-04-07 13:00:00+00:00,jp,uaqi,Universal AQI,65.0,220.82,0.04,36.23,44.29,2.65,23.73,,,,
2025-04-07 14:00:00+00:00,jp,uaqi,Universal AQI,68.0,317.7,0.06,33.49,40.5,1.66,25.55,,,,
2025-04-07 15:00:00+00:00,jp,uaqi,Universal AQI,65.0,381.77,0.06,45.79,26.33,1.66,28.86,,,,
2025-04-07 16:00:00+00:00,jp,uaqi,Universal AQI,66.0,465.05,0.08,41.84,21.84,1.35,28.28,,,,
2025-04-07 17:00:00+00:00,jp,uaqi,Universal AQI,65.0,383.36,0.94,42.33,18.25,1.0,26.45,,,,
2025-04-07 18:00:00+00:00,jp,uaqi,Universal AQI,72.0,381.7,0.31,30.63,25.03,1.65,20.42,,,,
2025-04-07 19:00:00+00:00,jp,uaqi,Universal AQI,68.0,381.24,0.04,13.13,25.17,1.0,27.38,,,,
2025-04-07 20:00:00+00:00,jp,uaqi,Universal AQI,72.0,300.17,0.0,30.13,21.13,1.0,20.83,,,,
2025-04-07 21:00:00+00:00,jp,uaqi,Universal AQI,75.0,300.17,0.04,28.24,22.31,1.0,22.64,,,,
2025-04-07 22:00:00+00:00,jp,uaqi,Universal AQI,71.0,299.34,0.04,28.85,24.45,1.0,23.54,,,,
2025-04-07 23:00:00+00:00,jp,uaqi,Universal AQI,73.0,300.17,0.08,32.5,22.67,1.0,22.54,,,,
2025-04-07 23:00:00+00:00,jp,uaqi,Universal AQI,73.0,300.17,0.08,32.5,22.67,1.0,22.54,,,,
2025-04-08 00:00:00+00:00,jp,uaqi,Universal AQI,67.0,300.25,2.88,43.45,10.59,1.0,23.85,,,,
2025-04-08 01:00:00+00:00,jp,uaqi,Universal AQI,68.0,382.91,7.46,42.56,15.34,1.0,24.71,,,,
2025-04-08 02:00:00+00:00,jp,uaqi,Universal AQI,73.0,318.23,4.92,32.62,26.31,1.65,26.81,,,,
2025-04-08 03:00:00+00:00,jp,uaqi,Universal AQI,69.0,318.71,8.5,28.29,28.88,2.0,27.36,,,,
2025-04-08 04:00:00+00:00,jp,uaqi,Universal AQI,68.0,399.49,4.42,18.56,35.39,2.01,26.59,,,,
2025-04-08 05:00:00+00:00,jp,uaqi,Universal AQI,69.0,399.16,3.32,14.85,39.8,2.0,26.52,,,,
2025-04-08 06:00:00+00:00,jp,uaqi,Universal AQI,66.0,299.77,3.26,14.11,43.09,2.0,25.24,,,,
2025-04-08 07:00:00+00:00,jp,uaqi,Universal AQI,61.0,300.11,3.05,15.92,49.13,1.66,24.46,,,,
2025-04-08 08:00:00+00:00,jp,uaqi,Universal AQI,55.0,218.31,1.08,13.26,56.65,1.67,23.28,,,,
2025-04-08 09:00:00+00:00,jp,uaqi,Universal AQI,53.0,216.61,1.01,11.6,58.71,1.66,17.93,,,,
2025-04-08 10:00:00+00:00,jp,uaqi,Universal AQI,52.0,217.37,0.1,11.82,60.27,2.01,22.25,,,,
2025-04-08 11:00:00+00:00,jp,uaqi,Universal AQI,54.0,218.27,0.1,15.8,58.14,2.01,24.53,,,,
2025-04-08 12:00:00+00:00,jp,uaqi,Universal AQI,56.0,218.38,0.06,15.61,55.86,2.01,23.25,,,,
2025-04-08 13:00:00+00:00,jp,uaqi,Universal AQI,63.0,298.55,0.1,21.71,47.05,2.01,24.51,,,,
2025-04-08 14:00:00+00:00,jp,uaqi,Universal AQI,73.0,299.47,0.02,32.65,34.63,2.01,24.52,,,,
2025-04-08 15:00:00+00:00,jp,uaqi,Universal AQI,62.0,300.44,0.0,24.35,47.88,1.65,22.18,,,,
2025-04-08 16:00:00+00:00,jp,uaqi,Universal AQI,67.0,381.52,0.0,30.39,37.74,1.0,26.06,,,,
2025-04-08 17:00:00+00:00,jp,uaqi,Universal AQI,65.0,380.26,0.08,22.64,44.67,1.0,30.04,,,,
2025-04-08 18:00:00+00:00,jp,uaqi,Universal AQI,59.0,299.29,0.0,15.8,52.11,1.0,30.04,,,,
2025-04-08 19:00:00+00:00,jp,uaqi,Universal AQI,60.0,299.34,0.04,14.17,49.91,1.0,31.34,,,,
2025-04-08 20:00:00+00:00,jp,uaqi,Universal AQI,63.0,299.34,0.0,16.53,46.13,0.01,32.13,,,,
2025-04-08 21:00:00+00:00,jp,uaqi,Universal AQI,55.0,299.33,0.0,11.38,56.52,0.01,37.23,,,,
2025-04-08 22:00:00+00:00,jp,uaqi,Universal AQI,56.0,299.33,0.0,8.13,55.96,0.01,35.99,,,,
2025-04-08 23:00:00+00:00,jp,uaqi,Universal AQI,56.0,299.33,0.0,10.51,54.98,0.01,38.63,,,,
2025-04-08 23:00:00+00:00,jp,uaqi,Universal AQI,56.0,299.33,0.0,10.51,54.98,0.01,38.63,,,,
2025-04-09 00:00:00+00:00,jp,uaqi,Universal AQI,57.0,299.31,0.08,12.0,52.25,0.01,37.27,,,,
2025-04-09 01:00:00+00:00,jp,uaqi,Universal AQI,58.0,300.29,0.06,12.92,52.46,0.01,29.6,,,,
2025-04-09 02:00:00+00:00,jp,uaqi,Universal AQI,55.0,299.46,0.1,9.41,56.49,0.01,20.83,,,,
2025-04-09 03:00:00+00:00,jp,uaqi,Universal AQI,55.0,299.26,0.14,9.03,56.56,0.35,21.55,,,,
2025-04-09 04:00:00+00:00,jp,uaqi,Universal AQI,58.0,299.29,2.26,13.02,53.08,1.0,22.88,,,,
2025-04-09 05:00:00+00:00,jp,uaqi,Universal AQI,55.0,299.41,1.31,11.06,56.82,1.0,22.48,,,,
2025-04-09 06:00:00+00:00,jp,uaqi,Universal AQI,54.0,299.44,1.16,11.89,58.09,1.0,21.29,,,,
2025-04-09 07:00:00+00:00,jp,uaqi,Universal AQI,55.0,299.44,3.03,16.41,56.46,1.0,21.46,,,,
2025-04-09 08:00:00+00:00,jp,uaqi,Universal AQI,50.0,218.46,1.09,13.98,63.38,1.0,26.9,,,,
2025-04-09 09:00:00+00:00,jp,uaqi,Universal AQI,47.0,299.38,1.05,17.37,66.42,1.0,26.37,,,,
2025-04-09 10:00:00+00:00,jp,uaqi,Universal AQI,42.0,300.08,0.1,16.48,72.82,1.0,27.82,,,,
2025-04-09 11:00:00+00:00,jp,uaqi,Universal AQI,41.0,300.08,0.16,17.68,74.44,1.0,27.62,,,,
2025-04-09 12:00:00+00:00,jp,uaqi,Universal AQI,49.0,301.08,0.12,24.93,64.01,1.01,27.52,,,,
2025-04-09 13:00:00+00:00,jp,uaqi,Universal AQI,64.0,300.91,0.02,35.09,45.3,1.66,27.69,,,,
2025-04-09 14:00:00+00:00,jp,uaqi,Universal AQI,69.0,382.25,0.06,40.13,35.36,1.66,26.63,,,,
2025-04-09 15:00:00+00:00,jp,uaqi,Universal AQI,67.0,464.16,0.2,43.44,24.43,1.01,28.6,,,,
2025-04-09 16:00:00+00:00,jp,uaqi,Universal AQI,59.0,302.44,4.49,20.04,11.61,2.34,35.63,,,,
2025-04-09 17:00:00+00:00,jp,uaqi,Universal AQI,58.0,300.71,3.51,55.72,16.94,1.01,35.44,,,,
2025-04-09 18:00:00+00:00,jp,uaqi,Universal AQI,64.0,316.35,0.03,33.85,33.1,1.0,30.83,,,,
2025-04-09 19:00:00+00:00,jp,uaqi,Universal AQI,68.0,397.25,0.01,25.88,36.23,1.0,26.23,,,,
2025-04-09 20:00:00+00:00,jp,uaqi,Universal AQI,62.0,382.06,0.0,15.45,47.37,2.0,27.11,,,,
2025-04-09 21:00:00+00:00,jp,uaqi,Universal AQI,65.0,381.88,0.14,29.94,30.68,1.99,31.06,,,,
2025-04-09 22:00:00+00:00,jp,uaqi,Universal AQI,65.0,315.98,0.22,46.04,12.33,1.99,26.25,,,,
2025-04-09 23:00:00+00:00,jp,uaqi,Universal AQI,67.0,300.17,0.1,43.29,16.2,1.99,23.37,,,,
2025-04-09 23:00:00+00:00,jp,uaqi,Universal AQI,67.0,300.17,0.1,43.29,16.2,1.99,23.37,,,,
2025-04-10 00:00:00+00:00,jp,uaqi,Universal AQI,69.0,300.87,0.36,41.34,14.09,1.0,25.35,,,,
2025-04-10 01:00:00+00:00,jp,uaqi,Universal AQI,65.0,317.62,5.79,46.43,11.5,1.35,25.89,,,,
2025-04-10 02:00:00+00:00,jp,uaqi,Universal AQI,63.0,398.67,12.31,48.85,17.1,1.99,25.12,,,,
2025-04-10 03:00:00+00:00,jp,uaqi,Universal AQI,71.0,318.05,6.13,37.61,25.88,2.34,25.54,,,,
2025-04-10 04:00:00+00:00,jp,uaqi,Universal AQI,66.0,317.97,18.02,44.99,21.26,2.34,26.06,,,,
2025-04-10 05:00:00+00:00,jp,uaqi,Universal AQI,64.0,318.07,18.11,47.6,19.85,2.99,30.17,,,,
2025-04-10 06:00:00+00:00,jp,uaqi,Universal AQI,66.0,300.46,22.91,44.02,25.36,2.35,32.11,,,,
2025-04-10 07:00:00+00:00,jp,uaqi,Universal AQI,56.0,299.48,2.14,18.05,55.68,2.01,31.72,,,,
2025-04-10 08:00:00+00:00,jp,uaqi,Universal AQI,57.0,298.57,1.25,16.24,54.41,2.0,35.04,,,,
2025-04-10 09:00:00+00:00,jp,uaqi,Universal AQI,53.0,217.49,0.99,11.91,58.81,1.01,36.05,,,,
2025-04-10 10:00:00+00:00,jp,uaqi,Universal AQI,54.0,217.19,0.12,10.27,57.55,1.35,34.79,,,,
2025-04-10 11:00:00+00:00,jp,uaqi,Universal AQI,58.0,216.9,0.08,9.24,53.16,2.35,36.93,,,,
2025-04-10 12:00:00+00:00,jp,uaqi,Universal AQI,59.0,217.73,0.14,8.67,51.79,1.0,30.27,,,,
2025-04-10 13:00:00+00:00,jp,uaqi,Universal AQI,62.0,200.13,0.06,8.79,47.27,1.0,35.43,,,,
2025-04-10 14:00:00+00:00,jp,uaqi,Universal AQI,59.0,200.26,0.06,8.33,51.29,0.65,34.93,,,,
2025-04-10 15:00:00+00:00,jp,uaqi,Universal AQI,61.0,216.97,0.02,13.77,49.42,0.65,34.56,,,,
2025-04-10 16:00:00+00:00,jp,uaqi,Universal AQI,67.0,217.96,0.06,17.46,39.83,1.0,29.42,,,,
2025-04-10 17:00:00+00:00,jp,uaqi,Universal AQI,72.0,299.03,0.06,24.1,29.83,1.0,26.38,,,,
2025-04-10 18:00:00+00:00,jp,uaqi,Universal AQI,75.0,298.88,0.06,21.65,27.17,0.65,27.08,,,,
2025-04-10 19:00:00+00:00,jp,uaqi,Universal AQI,75.0,299.03,0.08,26.8,22.04,0.01,26.1,,,,
2025-04-10 20:00:00+00:00,jp,uaqi,Universal AQI,74.0,282.21,0.0,26.48,18.38,0.0,24.92,,,,
2025-04-10 21:00:00+00:00,jp,uaqi,Universal AQI,75.0,201.23,0.04,22.79,19.43,0.0,28.47,,,,
2025-04-10 22:00:00+00:00,jp,uaqi,Universal AQI,76.0,200.52,0.04,23.2,20.28,0.0,26.17,,,,
2025-04-10 23:00:00+00:00,jp,uaqi,Universal AQI,77.0,200.64,0.12,25.68,20.27,0.35,23.76,,,,
2025-04-10 23:00:00+00:00,jp,uaqi,Universal AQI,77.0,200.64,0.12,25.68,20.27,0.35,23.76,,,,
2025-04-11 00:00:00+00:00,jp,uaqi,Universal AQI,72.0,217.98,2.26,36.99,10.18,1.0,24.05,,,,
2025-04-11 01:00:00+00:00,jp,uaqi,Universal AQI,70.0,300.0,9.94,39.02,6.85,1.0,26.98,,,,
2025-04-11 02:00:00+00:00,jp,uaqi,Universal AQI,72.0,300.29,12.09,36.44,8.07,1.0,27.5,,,,
2025-04-11 03:00:00+00:00,jp,uaqi,Universal AQI,62.0,300.94,43.68,38.72,9.34,1.35,31.59,,,,
2025-04-11 04:00:00+00:00,jp,uaqi,Universal AQI,68.0,218.42,18.71,37.7,10.84,1.99,31.26,,,,
2025-04-11 05:00:00+00:00,jp,uaqi,Universal AQI,75.0,299.99,10.32,22.13,29.29,2.0,27.57,,,,
2025-04-11 06:00:00+00:00,jp,uaqi,Universal AQI,64.0,300.0,1.59,12.27,44.53,1.66,31.11,,,,
2025-04-11 07:00:00+00:00,jp,uaqi,Universal AQI,66.0,381.21,2.69,17.95,40.53,2.31,28.19,,,,
2025-04-11 08:00:00+00:00,jp,uaqi,Universal AQI,63.0,299.37,3.08,18.3,45.47,1.66,35.13,,,,
2025-04-11 09:00:00+00:00,jp,uaqi,Universal AQI,59.0,299.37,2.01,17.69,51.46,2.0,33.52,,,,
2025-04-11 10:00:00+00:00,jp,uaqi,Universal AQI,54.0,299.36,0.14,14.88,57.26,2.0,27.33,,,,
2025-04-11 11:00:00+00:00,jp,uaqi,Universal AQI,48.0,300.1,0.14,8.31,65.24,0.66,27.23,,,,
2025-04-11 12:00:00+00:00,jp,uaqi,Universal AQI,47.0,300.87,0.0,7.52,66.89,1.0,30.06,,,,
2025-04-11 13:00:00+00:00,jp,uaqi,Universal AQI,50.0,300.92,0.0,10.16,63.21,1.0,27.6,,,,
2025-04-11 14:00:00+00:00,jp,uaqi,Universal AQI,51.0,299.33,0.0,9.56,61.01,1.0,25.68,,,,
2025-04-11 15:00:00+00:00,jp,uaqi,Universal AQI,52.0,299.39,0.0,9.44,60.13,0.65,24.48,,,,
2025-04-11 16:00:00+00:00,jp,uaqi,Universal AQI,51.0,299.37,0.04,6.4,61.01,0.65,19.93,,,,
2025-04-11 17:00:00+00:00,jp,uaqi,Universal AQI,53.0,299.36,0.06,7.04,59.2,0.65,19.43,,,,
2025-04-11 18:00:00+00:00,jp,uaqi,Universal AQI,53.0,299.3,0.0,5.4,59.13,0.65,25.22,,,,
2025-04-11 19:00:00+00:00,jp,uaqi,Universal AQI,53.0,218.27,0.0,19.18,59.16,0.65,28.75,,,,
2025-04-11 20:00:00+00:00,jp,uaqi,Universal AQI,55.0,218.27,0.0,6.23,56.57,0.65,20.91,,,,
2025-04-11 21:00:00+00:00,jp,,,,,,,,,,,,,
2025-04-11 22:00:00+00:00,jp,uaqi,Universal AQI,57.0,217.57,0.0,6.93,54.11,0.65,25.01,,,,
2025-04-11 23:00:00+00:00,jp,uaqi,Universal AQI,64.0,217.57,0.0,13.11,45.35,0.0,24.08,,,,
2025-04-11 23:00:00+00:00,jp,uaqi,Universal AQI,64.0,217.57,0.0,13.11,45.35,0.0,24.08,,,,
2025-04-12 00:00:00+00:00,jp,uaqi,Universal AQI,66.0,300.11,0.0,15.46,42.37,0.0,23.59,,,,
2025-04-12 01:00:00+00:00,jp,uaqi,Universal AQI,65.0,300.38,0.06,16.32,43.87,0.01,23.8,,,,
2025-04-12 02:00:00+00:00,jp,uaqi,Universal AQI,55.0,299.27,0.02,5.98,57.07,0.65,25.11,,,,
2025-04-12 03:00:00+00:00,jp,uaqi,Universal AQI,56.0,299.26,0.97,9.62,55.26,1.0,24.52,,,,
2025-04-12 04:00:00+00:00,jp,uaqi,Universal AQI,57.0,299.4,1.95,11.85,54.41,1.0,23.01,,,,
2025-04-12 05:00:00+00:00,jp,uaqi,Universal AQI,55.0,218.45,1.12,10.89,56.3,1.0,25.27,,,,
2025-04-12 06:00:00+00:00,jp,uaqi,Universal AQI,51.0,218.5,0.99,10.03,61.21,1.0,23.88,,,,
2025-04-12 07:00:00+00:00,jp,uaqi,Universal AQI,49.0,218.61,0.95,11.18,64.29,1.0,23.97,,,,
2025-04-12 08:00:00+00:00,jp,uaqi,Universal AQI,55.0,299.86,3.45,23.27,57.02,1.66,24.83,,,,
2025-04-12 09:00:00+00:00,jp,uaqi,Universal AQI,55.0,299.54,1.98,21.92,56.67,1.66,25.49,,,,
2025-04-12 10:00:00+00:00,jp,uaqi,Universal AQI,50.0,300.41,0.02,14.95,63.01,1.02,24.54,,,,
2025-04-12 11:00:00+00:00,jp,uaqi,Universal AQI,54.0,299.83,0.08,21.5,57.83,1.35,26.54,,,,
2025-04-12 12:00:00+00:00,jp,uaqi,Universal AQI,47.0,299.65,0.02,9.73,66.41,1.0,23.27,,,,
2025-04-12 13:00:00+00:00,jp,uaqi,Universal AQI,48.0,299.63,0.02,12.27,65.22,1.0,22.73,,,,
2025-04-12 14:00:00+00:00,jp,uaqi,Universal AQI,56.0,299.54,0.0,18.5,55.15,1.0,27.27,,,,
2025-04-12 15:00:00+00:00,jp,uaqi,Universal AQI,56.0,218.5,0.02,14.77,55.26,1.0,21.67,,,,
2025-04-12 16:00:00+00:00,jp,uaqi,Universal AQI,54.0,299.44,0.02,11.0,57.94,1.0,20.79,,,,
2025-04-12 17:00:00+00:00,jp,uaqi,Universal AQI,53.0,299.63,0.02,8.29,58.57,1.0,20.84,,,,
2025-04-12 18:00:00+00:00,jp,uaqi,Universal AQI,67.0,299.55,0.04,20.82,41.44,1.34,23.53,,,,
2025-04-12 19:00:00+00:00,jp,uaqi,Universal AQI,69.0,299.65,0.0,19.73,39.31,1.35,24.91,,,,
2025-04-12 20:00:00+00:00,jp,uaqi,Universal AQI,61.0,218.54,0.0,12.15,48.6,1.0,21.96,,,,
2025-04-12 21:00:00+00:00,jp,uaqi,Universal AQI,65.0,316.18,0.0,17.98,38.12,1.35,25.38,,,,
2025-04-12 22:00:00+00:00,jp,uaqi,Universal AQI,68.0,299.15,0.0,16.34,40.52,1.0,23.03,,,,
2025-04-12 23:00:00+00:00,jp,uaqi,Universal AQI,61.0,216.36,0.0,10.37,48.66,0.35,21.19,,,,
2025-04-12 23:00:00+00:00,jp,uaqi,Universal AQI,61.0,216.36,0.0,10.37,48.66,0.35,21.19,,,,
2025-04-13 00:00:00+00:00,jp,uaqi,Universal AQI,57.0,199.85,0.0,8.87,54.61,0.0,14.26,,,,
2025-04-13 01:00:00+00:00,jp,uaqi,Universal AQI,61.0,216.37,0.0,11.47,49.66,0.35,17.08,,,,
2025-04-13 02:00:00+00:00,jp,uaqi,Universal AQI,62.0,217.4,0.0,11.65,47.92,0.35,14.93,,,,
2025-04-13 03:00:00+00:00,jp,uaqi,Universal AQI,60.0,217.92,0.0,9.78,49.85,0.35,14.71,,,,
2025-04-13 04:00:00+00:00,jp,uaqi,Universal AQI,64.0,298.99,0.04,14.72,45.05,1.0,16.04,,,,
2025-04-13 05:00:00+00:00,jp,uaqi,Universal AQI,63.0,218.04,0.02,12.0,46.83,1.0,13.89,,,,
2025-04-13 06:00:00+00:00,jp,uaqi,Universal AQI,64.0,217.62,0.02,13.91,44.8,1.0,13.14,,,,
2025-04-13 07:00:00+00:00,jp,uaqi,Universal AQI,63.0,216.75,0.02,10.49,46.08,0.35,14.31,,,,
2025-04-13 08:00:00+00:00,jp,uaqi,Universal AQI,61.0,200.09,0.04,6.64,49.05,0.0,13.11,,,,
2025-04-13 09:00:00+00:00,jp,uaqi,Universal AQI,62.0,216.61,0.02,6.57,48.08,0.01,17.93,,,,
2025-04-13 10:00:00+00:00,jp,uaqi,Universal AQI,64.0,218.31,0.0,7.53,45.0,0.01,21.16,,,,
2025-04-13 11:00:00+00:00,jp,uaqi,Universal AQI,65.0,218.15,0.0,8.41,44.15,0.65,24.39,,,,
2025-04-13 12:00:00+00:00,jp,uaqi,Universal AQI,62.0,201.01,0.0,5.78,48.01,0.01,15.54,,,,
2025-04-13 13:00:00+00:00,jp,uaqi,Universal AQI,64.0,200.64,0.0,7.0,45.0,0.0,7.9,,,,
2025-04-13 14:00:00+00:00,jp,uaqi,Universal AQI,66.0,217.29,0.0,10.32,43.01,0.0,10.71,,,,
2025-04-13 15:00:00+00:00,jp,uaqi,Universal AQI,64.0,201.33,0.0,10.22,45.06,0.0,13.71,,,,
2025-04-13 16:00:00+00:00,jp,uaqi,Universal AQI,62.0,216.46,0.0,8.02,47.43,0.0,19.89,,,,
2025-04-13 17:00:00+00:00,jp,uaqi,Universal AQI,70.0,217.59,0.0,11.18,38.52,0.0,22.02,,,,
2025-04-13 18:00:00+00:00,jp,uaqi,Universal AQI,74.0,298.09,0.04,12.55,32.47,0.0,21.09,,,,
2025-04-13 19:00:00+00:00,jp,uaqi,Universal AQI,76.0,281.52,0.0,13.16,30.58,0.0,22.21,,,,
2025-04-13 20:00:00+00:00,jp,uaqi,Universal AQI,75.0,200.41,0.04,11.57,31.38,0.0,22.95,,,,
2025-04-13 21:00:00+00:00,jp,uaqi,Universal AQI,82.0,200.37,0.04,17.27,23.38,0.0,20.12,,,,
2025-04-13 22:00:00+00:00,jp,uaqi,Universal AQI,81.0,199.35,0.12,19.55,20.48,0.0,17.69,,,,
2025-04-13 23:00:00+00:00,jp,uaqi,Universal AQI,79.0,200.18,0.24,27.98,15.01,0.0,20.34,,,,
2025-04-13 23:00:00+00:00,jp,uaqi,Universal AQI,79.0,200.18,0.24,27.98,15.01,0.0,20.34,,,,
2025-04-14 00:00:00+00:00,jp,uaqi,Universal AQI,76.0,298.78,1.34,31.1,12.11,0.35,20.28,,,,
2025-04-14 01:00:00+00:00,jp,uaqi,Universal AQI,77.0,463.38,5.96,30.75,15.48,0.35,23.0,,,,
2025-04-14 02:00:00+00:00,jp,uaqi,Universal AQI,71.0,481.37,2.32,16.85,37.12,1.0,23.69,,,,
2025-04-14 03:00:00+00:00,jp,uaqi,Universal AQI,71.0,317.1,4.84,19.04,36.13,1.35,27.49,,,,
2025-04-14 04:00:00+00:00,jp,uaqi,Universal AQI,69.0,299.13,4.96,15.78,38.97,1.01,24.83,,,,
2025-04-14 05:00:00+00:00,jp,uaqi,Universal AQI,65.0,218.7,3.12,13.27,43.81,1.01,27.41,,,,
2025-04-14 06:00:00+00:00,jp,uaqi,Universal AQI,58.0,217.69,1.22,8.2,53.04,1.0,27.73,,,,
2025-04-14 07:00:00+00:00,jp,uaqi,Universal AQI,54.0,200.52,0.26,5.18,58.05,1.01,26.0,,,,
2025-04-14 08:00:00+00:00,jp,uaqi,Universal AQI,56.0,200.03,1.16,9.66,55.31,1.01,26.31,,,,
2025-04-14 09:00:00+00:00,jp,uaqi,Universal AQI,53.0,200.06,0.16,6.11,58.99,1.0,30.52,,,,
2025-04-14 10:00:00+00:00,jp,uaqi,Universal AQI,52.0,199.58,0.18,6.67,60.87,1.0,28.01,,,,
2025-04-14 11:00:00+00:00,jp,uaqi,Universal AQI,50.0,216.26,0.08,5.44,62.88,1.0,29.44,,,,
2025-04-14 12:00:00+00:00,jp,uaqi,Universal AQI,54.0,200.11,0.08,5.41,58.02,1.0,34.77,,,,
2025-04-14 13:00:00+00:00,jp,uaqi,Universal AQI,62.0,300.15,0.08,9.88,48.5,0.01,30.73,,,,
2025-04-14 14:00:00+00:00,jp,uaqi,Universal AQI,67.0,300.77,0.12,14.26,41.89,0.65,28.44,,,,
2025-04-14 15:00:00+00:00,jp,uaqi,Universal AQI,66.0,218.34,0.1,13.78,43.08,1.0,28.21,,,,
2025-04-14 16:00:00+00:00,jp,uaqi,Universal AQI,63.0,299.22,0.1,10.68,47.24,1.0,29.74,,,,
2025-04-14 17:00:00+00:00,jp,uaqi,Universal AQI,62.0,216.69,0.24,9.95,47.73,1.0,28.94,,,,
2025-04-14 18:00:00+00:00,jp,uaqi,Universal AQI,69.0,216.46,0.12,15.26,38.76,1.0,24.35,,,,
2025-04-14 19:00:00+00:00,jp,uaqi,Universal AQI,75.0,199.73,0.12,20.86,23.13,0.35,25.92,,,,
2025-04-14 20:00:00+00:00,jp,uaqi,Universal AQI,76.0,199.85,0.12,16.3,27.72,0.35,23.28,,,,
2025-04-14 21:00:00+00:00,jp,uaqi,Universal AQI,63.0,216.98,0.04,7.48,46.44,0.0,12.91,,,,
2025-04-14 22:00:00+00:00,jp,uaqi,Universal AQI,64.0,200.54,0.04,8.91,45.83,0.01,17.52,,,,
2025-04-14 23:00:00+00:00,jp,uaqi,Universal AQI,60.0,200.61,0.04,7.38,50.0,0.01,9.44,,,,
2025-04-14 23:00:00+00:00,jp,uaqi,Universal AQI,60.0,200.61,0.04,7.38,50.0,0.01,9.44,,,,
2025-04-15 00:00:00+00:00,jp,uaqi,Universal AQI,63.0,217.94,0.14,8.73,46.29,0.01,11.15,,,,
2025-04-15 01:00:00+00:00,jp,uaqi,Universal AQI,63.0,300.82,0.16,8.66,46.2,0.01,13.92,,,,
2025-04-15 02:00:00+00:00,jp,uaqi,Universal AQI,65.0,300.97,0.16,8.1,44.32,1.0,9.31,,,,
2025-04-15 03:00:00+00:00,jp,uaqi,Universal AQI,65.0,300.38,1.96,8.16,44.24,1.0,9.21,,,,
2025-04-15 04:00:00+00:00,jp,uaqi,Universal AQI,63.0,218.84,0.16,4.88,47.25,0.01,8.55,,,,
2025-04-15 05:00:00+00:00,jp,uaqi,Universal AQI,59.0,217.94,0.23,4.62,51.62,0.01,11.27,,,,
2025-04-15 06:00:00+00:00,jp,uaqi,Universal AQI,60.0,218.6,0.23,5.62,50.91,1.0,9.52,,,,
2025-04-15 07:00:00+00:00,jp,uaqi,Universal AQI,59.0,216.76,0.16,4.94,51.04,0.65,10.53,,,,
2025-04-15 08:00:00+00:00,jp,uaqi,Universal AQI,61.0,199.93,0.17,4.79,49.01,0.35,11.5,,,,
2025-04-15 09:00:00+00:00,jp,uaqi,Universal AQI,61.0,217.14,0.23,5.73,49.06,0.01,11.98,,,,
2025-04-15 10:00:00+00:00,jp,uaqi,Universal AQI,62.0,216.64,0.23,6.1,48.18,0.01,11.82,,,,
2025-04-15 11:00:00+00:00,jp,uaqi,Universal AQI,63.0,216.61,0.12,6.34,46.49,0.35,13.82,,,,
2025-04-15 12:00:00+00:00,jp,uaqi,Universal AQI,64.0,218.2,0.1,6.26,45.9,0.01,13.21,,,,
2025-04-15 13:00:00+00:00,jp,uaqi,Universal AQI,64.0,300.7,0.08,6.07,45.21,0.01,11.1,,,,
2025-04-15 14:00:00+00:00,jp,uaqi,Universal AQI,68.0,218.87,0.04,8.84,40.71,0.65,11.75,,,,
2025-04-15 15:00:00+00:00,jp,uaqi,Universal AQI,67.0,299.21,0.1,9.24,41.3,1.95,13.8,,,,
2025-04-15 16:00:00+00:00,jp,uaqi,Universal AQI,68.0,217.26,0.1,10.24,40.85,0.01,12.74,,,,
2025-04-15 17:00:00+00:00,jp,uaqi,Universal AQI,68.0,217.07,0.06,10.18,39.81,0.01,13.57,,,,
2025-04-15 18:00:00+00:00,jp,uaqi,Universal AQI,68.0,217.18,0.04,8.33,40.04,0.65,12.89,,,,
2025-04-15 19:00:00+00:00,jp,uaqi,Universal AQI,68.0,217.18,0.06,8.13,40.08,0.01,16.66,,,,
2025-04-15 20:00:00+00:00,jp,uaqi,Universal AQI,68.0,217.21,0.06,7.91,41.03,0.35,14.91,,,,
2025-04-15 21:00:00+00:00,jp,uaqi,Universal AQI,71.0,300.47,0.02,12.73,37.08,1.0,16.22,,,,
2025-04-15 22:00:00+00:00,jp,uaqi,Universal AQI,72.0,316.24,0.04,14.69,36.05,1.34,16.93,,,,
2025-04-15 23:00:00+00:00,jp,uaqi,Universal AQI,79.0,316.84,0.12,23.3,27.16,0.7,14.35,,,,
2025-04-15 23:00:00+00:00,jp,uaqi,Universal AQI,79.0,316.84,0.12,23.3,27.16,0.7,14.35,,,,
2025-04-16 00:00:00+00:00,jp,uaqi,Universal AQI,72.0,317.19,2.17,37.47,12.43,0.35,18.07,,,,
2025-04-16 01:00:00+00:00,jp,uaqi,Universal AQI,68.0,399.57,12.17,41.45,10.67,0.35,18.87,,,,
2025-04-16 02:00:00+00:00,jp,uaqi,Universal AQI,77.0,401.54,4.98,23.8,28.96,1.0,20.91,,,,
2025-04-16 03:00:00+00:00,jp,uaqi,Universal AQI,72.0,301.65,2.09,15.15,35.64,1.0,15.6,,,,
2025-04-16 04:00:00+00:00,jp,uaqi,Universal AQI,66.0,299.78,1.24,10.34,43.51,1.01,17.48,,,,
2025-04-16 05:00:00+00:00,jp,uaqi,Universal AQI,59.0,299.78,0.18,6.2,51.4,1.0,20.41,,,,
2025-04-16 06:00:00+00:00,jp,uaqi,Universal AQI,59.0,218.35,1.05,7.0,51.81,1.0,13.35,,,,
2025-04-16 07:00:00+00:00,jp,uaqi,Universal AQI,59.0,218.46,0.23,8.12,51.82,1.0,21.43,,,,
2025-04-16 08:00:00+00:00,jp,uaqi,Universal AQI,61.0,299.61,0.1,7.92,48.93,1.01,32.63,,,,
2025-04-16 09:00:00+00:00,jp,uaqi,Universal AQI,56.0,299.59,1.02,8.59,54.96,1.01,24.51,,,,
2025-04-16 10:00:00+00:00,jp,uaqi,Universal AQI,54.0,299.67,0.12,7.32,58.01,1.01,22.87,,,,
2025-04-16 11:00:00+00:00,jp,uaqi,Universal AQI,57.0,218.45,0.23,13.74,53.52,1.01,16.25,,,,
2025-04-16 12:00:00+00:00,jp,uaqi,Universal AQI,60.0,300.43,0.17,17.08,50.19,1.66,16.92,,,,
2025-04-16 13:00:00+00:00,jp,uaqi,Universal AQI,68.0,300.41,0.1,25.57,40.21,1.0,18.57,,,,
2025-04-16 14:00:00+00:00,jp,uaqi,Universal AQI,64.0,220.03,0.06,17.47,45.77,1.0,19.54,,,,
2025-04-16 15:00:00+00:00,jp,uaqi,Universal AQI,71.0,220.3,0.06,24.57,36.18,1.0,18.69,,,,
2025-04-16 16:00:00+00:00,jp,uaqi,Universal AQI,65.0,303.29,0.04,16.5,43.78,1.0,16.65,,,,
2025-04-16 17:00:00+00:00,jp,uaqi,Universal AQI,77.0,300.62,0.98,10.11,19.22,1.0,18.36,,,,
2025-04-16 18:00:00+00:00,jp,uaqi,Universal AQI,62.0,300.23,0.08,12.88,47.46,1.0,16.78,,,,
2025-04-16 19:00:00+00:00,jp,uaqi,Universal AQI,63.0,218.36,0.0,11.7,46.36,1.0,19.54,,,,
2025-04-16 20:00:00+00:00,jp,uaqi,Universal AQI,67.0,300.24,0.06,11.19,42.11,0.35,18.52,,,,
2025-04-16 21:00:00+00:00,jp,uaqi,Universal AQI,80.0,217.6,0.04,22.17,25.7,0.35,15.66,,,,
2025-04-16 22:00:00+00:00,jp,,,,,,,,,,,,,
2025-04-16 23:00:00+00:00,jp,,,,,,,,,,,,,
2025-04-16 23:00:00+00:00,jp,,,,,,,,,,,,,
2025-04-17 00:00:00+00:00,jp,uaqi,Universal AQI,66.0,300.32,7.46,45.02,5.67,0.0,18.92,,,,
2025-04-17 01:00:00+00:00,jp,uaqi,Universal AQI,67.0,496.48,25.31,43.23,7.22,0.35,22.03,,,,
2025-04-17 02:00:00+00:00,jp,uaqi,Universal AQI,73.0,496.82,7.27,30.65,23.94,1.99,24.34,,,,
2025-04-17 03:00:00+00:00,jp,uaqi,Universal AQI,72.0,416.2,17.89,36.92,21.01,2.01,22.41,,,,
2025-04-17 04:00:00+00:00,jp,uaqi,Universal AQI,71.0,416.27,10.54,25.21,32.26,2.36,23.78,,,,
2025-04-17 05:00:00+00:00,jp,uaqi,Universal AQI,67.0,417.77,6.22,19.63,41.97,2.01,25.34,,,,
2025-04-17 06:00:00+00:00,jp,uaqi,Universal AQI,53.0,302.11,2.33,13.45,58.58,2.01,29.64,,,,
2025-04-17 07:00:00+00:00,jp,uaqi,Universal AQI,47.0,301.08,1.27,12.11,66.62,1.66,29.83,,,,
2025-04-17 08:00:00+00:00,jp,uaqi,Universal AQI,44.0,218.87,0.97,11.44,69.98,1.36,32.22,,,,
2025-04-17 09:00:00+00:00,jp,uaqi,Universal AQI,52.0,218.02,1.12,16.68,60.22,2.01,28.46,,,,
2025-04-17 10:00:00+00:00,jp,uaqi,Universal AQI,48.0,216.99,0.1,9.05,65.71,2.01,30.35,,,,
2025-04-17 11:00:00+00:00,jp,uaqi,Universal AQI,47.0,217.02,0.1,7.73,66.46,2.01,26.89,,,,
2025-04-17 12:00:00+00:00,jp,uaqi,Universal AQI,55.0,299.39,0.1,16.71,57.25,1.02,32.03,,,,
2025-04-17 13:00:00+00:00,jp,uaqi,Universal AQI,59.0,218.25,0.1,21.51,51.36,1.01,35.52,,,,
2025-04-17 14:00:00+00:00,jp,uaqi,Universal AQI,55.0,218.11,0.04,14.74,56.96,1.0,32.93,,,,
2025-04-17 15:00:00+00:00,jp,uaqi,Universal AQI,57.0,218.1,0.06,14.48,53.92,1.0,32.4,,,,
2025-04-17 16:00:00+00:00,jp,uaqi,Universal AQI,65.0,218.14,0.06,24.22,42.04,1.0,35.16,,,,
2025-04-17 17:00:00+00:00,jp,uaqi,Universal AQI,62.0,201.73,0.08,16.98,48.43,1.0,35.89,,,,
2025-04-17 18:00:00+00:00,jp,uaqi,Universal AQI,56.0,217.39,0.04,9.86,54.88,1.0,33.96,,,,
2025-04-17 19:00:00+00:00,jp,uaqi,Universal AQI,53.0,201.41,0.08,8.53,58.59,1.0,33.11,,,,
2025-04-17 20:00:00+00:00,jp,uaqi,Universal AQI,54.0,201.16,0.0,5.95,57.57,1.0,32.6,,,,
2025-04-17 21:00:00+00:00,jp,uaqi,Universal AQI,56.0,201.27,0.0,7.25,55.52,1.0,30.98,,,,
2025-04-17 22:00:00+00:00,jp,uaqi,Universal AQI,57.0,201.38,0.0,8.74,54.37,1.0,30.38,,,,
2025-04-17 23:00:00+00:00,jp,uaqi,Universal AQI,60.0,217.86,0.04,11.97,50.89,1.0,28.34,,,,
2025-04-17 23:00:00+00:00,jp,uaqi,Universal AQI,60.0,217.86,0.04,11.97,50.89,1.0,28.34,,,,
2025-04-18 00:00:00+00:00,jp,uaqi,Universal AQI,69.0,218.0,0.2,18.6,38.89,1.0,28.14,,,,
2025-04-18 01:00:00+00:00,jp,uaqi,Universal AQI,73.0,299.86,1.1,29.59,27.06,1.0,27.58,,,,
2025-04-18 02:00:00+00:00,jp,uaqi,Universal AQI,59.0,397.77,2.27,40.4,28.47,2.35,28.56,,,,
2025-04-18 03:00:00+00:00,jp,uaqi,Universal AQI,63.0,381.26,10.75,48.28,23.14,2.34,30.21,,,,
2025-04-18 04:00:00+00:00,jp,uaqi,Universal AQI,61.0,397.1,1.63,14.87,49.03,2.0,31.18,,,,
2025-04-18 05:00:00+00:00,jp,uaqi,Universal AQI,59.0,315.97,2.57,14.1,51.28,2.0,30.85,,,,
2025-04-18 06:00:00+00:00,jp,uaqi,Universal AQI,57.0,200.51,1.14,11.15,53.63,1.01,29.38,,,,
2025-04-18 07:00:00+00:00,jp,uaqi,Universal AQI,55.0,200.29,1.05,10.74,56.7,1.01,26.38,,,,
2025-04-18 08:00:00+00:00,jp,uaqi,Universal AQI,53.0,200.17,0.08,8.07,59.35,1.01,29.92,,,,
2025-04-18 09:00:00+00:00,jp,uaqi,Universal AQI,56.0,200.25,0.97,9.18,55.6,1.36,26.67,,,,
2025-04-18 10:00:00+00:00,jp,uaqi,Universal AQI,53.0,200.29,0.95,9.67,59.18,1.36,28.43,,,,
2025-04-18 11:00:00+00:00,jp,uaqi,Universal AQI,56.0,200.4,0.06,9.32,55.57,1.01,32.17,,,,
2025-04-18 12:00:00+00:00,jp,uaqi,Universal AQI,62.0,200.47,0.14,11.72,48.13,1.01,33.11,,,,
2025-04-18 13:00:00+00:00,jp,uaqi,Universal AQI,63.0,200.32,0.06,12.57,46.13,1.0,30.44,,,,
2025-04-18 14:00:00+00:00,jp,uaqi,Universal AQI,66.0,200.21,0.02,13.26,43.4,1.0,32.67,,,,
2025-04-18 15:00:00+00:00,jp,uaqi,Universal AQI,64.0,200.31,0.02,10.99,44.86,1.0,31.14,,,,
2025-04-18 16:00:00+00:00,jp,uaqi,Universal AQI,66.0,201.53,0.02,14.11,42.77,1.0,30.93,,,,
2025-04-18 17:00:00+00:00,jp,uaqi,Universal AQI,62.0,201.55,0.1,7.16,47.48,1.0,31.36,,,,
2025-04-18 18:00:00+00:00,jp,uaqi,Universal AQI,62.0,200.7,0.0,6.34,48.37,1.0,31.16,,,,
2025-04-18 19:00:00+00:00,jp,uaqi,Universal AQI,62.0,200.67,0.0,5.37,48.44,1.0,29.01,,,,
2025-04-18 20:00:00+00:00,jp,uaqi,Universal AQI,65.0,200.5,0.0,8.45,44.67,1.0,26.5,,,,
2025-04-18 21:00:00+00:00,jp,uaqi,Universal AQI,67.0,200.14,0.02,11.51,41.39,1.01,25.95,,,,
2025-04-18 22:00:00+00:00,jp,uaqi,Universal AQI,70.0,200.05,0.02,14.1,31.58,1.02,25.73,,,,
2025-04-18 23:00:00+00:00,jp,uaqi,Universal AQI,72.0,200.13,0.1,20.47,27.09,0.37,26.52,,,,
2025-04-18 23:00:00+00:00,jp,uaqi,Universal AQI,72.0,200.13,0.1,20.47,27.09,0.37,26.52,,,,
2025-04-19 00:00:00+00:00,jp,uaqi,Universal AQI,67.0,282.27,0.32,27.27,16.15,0.4,29.6,,,,
2025-04-19 01:00:00+00:00,jp,uaqi,Universal AQI,67.0,282.38,3.47,34.49,18.68,1.36,31.05,,,,
2025-04-19 02:00:00+00:00,jp,uaqi,Universal AQI,64.0,283.08,2.59,32.22,38.32,2.34,36.91,,,,
2025-04-19 03:00:00+00:00,jp,uaqi,Universal AQI,52.0,283.17,9.55,28.71,27.96,2.36,45.36,,,,
2025-04-19 04:00:00+00:00,jp,uaqi,Universal AQI,52.0,284.15,6.7,26.31,39.22,2.01,44.38,,,,
2025-04-19 05:00:00+00:00,jp,uaqi,Universal AQI,50.0,286.01,11.06,34.58,37.74,2.01,44.83,,,,
2025-04-19 06:00:00+00:00,jp,uaqi,Universal AQI,57.0,285.36,6.51,26.3,47.06,2.36,37.39,,,,
2025-04-19 07:00:00+00:00,jp,uaqi,Universal AQI,57.0,285.06,1.95,15.05,54.3,2.36,33.61,,,,
2025-04-19 08:00:00+00:00,jp,uaqi,Universal AQI,53.0,202.1,1.69,12.29,59.66,2.36,30.97,,,,
2025-04-19 09:00:00+00:00,jp,uaqi,Universal AQI,48.0,201.63,0.08,8.46,65.16,2.01,30.46,,,,
2025-04-19 10:00:00+00:00,jp,uaqi,Universal AQI,59.0,201.47,1.06,11.25,51.74,1.66,29.28,,,,
2025-04-19 11:00:00+00:00,jp,uaqi,Universal AQI,58.0,200.47,0.1,6.89,53.38,1.01,30.24,,,,
2025-04-19 12:00:00+00:00,jp,uaqi,Universal AQI,58.0,200.32,0.04,6.65,53.21,1.0,32.63,,,,
2025-04-19 13:00:00+00:00,jp,uaqi,Universal AQI,60.0,200.2,0.0,7.28,50.55,1.0,30.11,,,,
2025-04-19 14:00:00+00:00,jp,uaqi,Universal AQI,61.0,199.35,0.0,5.97,49.5,1.0,26.29,,,,
2025-04-19 15:00:00+00:00,jp,uaqi,Universal AQI,62.0,118.95,0.0,7.02,47.47,1.0,26.16,,,,
2025-04-19 16:00:00+00:00,jp,uaqi,Universal AQI,65.0,119.06,0.0,10.62,43.86,1.0,26.45,,,,
2025-04-19 17:00:00+00:00,jp,uaqi,Universal AQI,64.0,199.75,0.0,7.83,45.65,1.0,25.71,,,,
2025-04-19 18:00:00+00:00,jp,uaqi,Universal AQI,64.0,199.63,0.04,7.25,45.28,1.0,23.88,,,,
2025-04-19 19:00:00+00:00,jp,uaqi,Universal AQI,64.0,199.41,0.0,10.11,45.28,1.0,25.48,,,,
2025-04-19 20:00:00+00:00,jp,uaqi,Universal AQI,64.0,199.41,0.0,7.35,45.35,0.66,21.05,,,,
2025-04-19 21:00:00+00:00,jp,uaqi,Universal AQI,62.0,118.42,0.0,4.64,48.06,1.01,20.75,,,,
2025-04-19 22:00:00+00:00,jp,uaqi,Universal AQI,62.0,118.75,0.0,5.4,47.46,1.0,20.45,,,,
2025-04-19 23:00:00+00:00,jp,uaqi,Universal AQI,63.0,118.49,0.0,5.58,46.25,0.65,21.09,,,,
2025-04-19 23:00:00+00:00,jp,uaqi,Universal AQI,63.0,118.49,0.0,5.58,46.25,0.65,21.09,,,,
2025-04-20 00:00:00+00:00,jp,uaqi,Universal AQI,68.0,199.34,0.0,8.14,40.76,1.0,18.61,,,,
2025-04-20 01:00:00+00:00,jp,uaqi,Universal AQI,66.0,200.18,0.0,9.37,43.17,1.0,19.4,,,,
2025-04-20 02:00:00+00:00,jp,uaqi,Universal AQI,69.0,199.43,0.06,11.82,38.63,0.66,20.51,,,,
2025-04-20 03:00:00+00:00,jp,uaqi,Universal AQI,67.0,200.2,0.06,8.37,41.49,0.66,17.69,,,,
2025-04-20 04:00:00+00:00,jp,uaqi,Universal AQI,68.0,201.11,1.04,9.73,40.2,1.01,19.48,,,,
2025-04-20 05:00:00+00:00,jp,uaqi,Universal AQI,70.0,199.53,2.03,12.16,37.36,1.01,23.29,,,,
2025-04-20 06:00:00+00:00,jp,uaqi,Universal AQI,73.0,199.42,3.76,15.11,34.06,1.01,20.09,,,,
2025-04-20 07:00:00+00:00,jp,uaqi,Universal AQI,70.0,199.53,2.83,11.42,37.32,1.66,25.57,,,,
2025-04-20 08:00:00+00:00,jp,uaqi,Universal AQI,69.0,119.25,3.64,15.64,38.81,1.36,21.28,,,,
2025-04-20 09:00:00+00:00,jp,uaqi,Universal AQI,65.0,200.12,1.06,10.73,43.83,1.0,19.55,,,,
2025-04-20 10:00:00+00:00,jp,uaqi,Universal AQI,66.0,118.47,1.93,14.24,42.88,1.01,17.61,,,,
2025-04-20 11:00:00+00:00,jp,uaqi,Universal AQI,64.0,200.51,0.97,14.21,45.57,1.01,16.86,,,,
2025-04-20 12:00:00+00:00,jp,uaqi,Universal AQI,63.0,200.24,0.0,12.64,46.52,1.3,18.1,,,,
2025-04-20 13:00:00+00:00,jp,uaqi,Universal AQI,67.0,200.28,0.0,19.52,42.0,1.65,24.48,,,,
2025-04-20 14:00:00+00:00,jp,uaqi,Universal AQI,70.0,200.52,0.02,22.03,34.63,1.65,24.45,,,,
2025-04-20 15:00:00+00:00,jp,uaqi,Universal AQI,71.0,200.2,0.0,15.96,36.13,2.29,23.63,,,,
2025-04-20 16:00:00+00:00,jp,uaqi,Universal AQI,70.0,200.21,0.0,10.85,38.09,1.65,18.87,,,,
2025-04-20 17:00:00+00:00,jp,uaqi,Universal AQI,68.0,199.43,0.0,9.15,40.23,0.66,16.26,,,,
2025-04-20 18:00:00+00:00,jp,uaqi,Universal AQI,69.0,199.58,0.0,9.99,38.72,1.0,16.18,,,,
2025-04-20 19:00:00+00:00,jp,uaqi,Universal AQI,66.0,201.12,0.0,6.01,42.88,0.65,9.72,,,,
2025-04-20 20:00:00+00:00,jp,uaqi,Universal AQI,64.0,201.19,0.0,5.06,45.14,0.01,7.68,,,,
2025-04-20 21:00:00+00:00,jp,uaqi,Universal AQI,63.0,201.34,0.0,4.9,46.93,0.35,6.11,,,,
2025-04-20 22:00:00+00:00,jp,uaqi,Universal AQI,60.0,201.34,0.0,7.14,50.86,0.35,8.9,,,,
2025-04-20 23:00:00+00:00,jp,uaqi,Universal AQI,61.0,201.62,0.0,10.58,49.03,0.01,8.97,,,,
2025-04-20 23:00:00+00:00,jp,uaqi,Universal AQI,61.0,201.62,0.0,10.58,49.03,0.01,8.97,,,,
2025-04-21 00:00:00+00:00,jp,uaqi,Universal AQI,66.0,201.62,0.04,17.83,43.07,0.35,13.5,,,,
2025-04-21 01:00:00+00:00,jp,uaqi,Universal AQI,67.0,201.62,0.12,20.12,41.23,0.35,12.46,,,,
2025-04-21 02:00:00+00:00,jp,uaqi,Universal AQI,64.0,219.01,0.97,14.99,45.76,0.35,14.7,,,,
2025-04-21 03:00:00+00:00,jp,uaqi,Universal AQI,63.0,201.62,2.01,15.08,46.53,1.0,19.73,,,,
2025-04-21 04:00:00+00:00,jp,uaqi,Universal AQI,63.0,218.27,5.72,16.03,46.77,1.0,20.43,,,,
2025-04-21 05:00:00+00:00,jp,uaqi,Universal AQI,62.0,202.45,5.74,16.14,48.46,1.0,18.77,,,,
2025-04-21 06:00:00+00:00,jp,uaqi,Universal AQI,56.0,202.51,2.59,12.79,55.24,1.0,20.39,,,,
2025-04-21 07:00:00+00:00,jp,uaqi,Universal AQI,60.0,280.8,4.55,18.2,50.76,1.65,17.52,,,,
2025-04-21 08:00:00+00:00,jp,uaqi,Universal AQI,53.0,200.54,1.56,12.67,59.05,1.0,20.12,,,,
2025-04-21 09:00:00+00:00,jp,uaqi,Universal AQI,54.0,217.32,1.58,17.78,58.42,1.65,19.28,,,,
2025-04-21 10:00:00+00:00,jp,uaqi,Universal AQI,50.0,217.32,1.32,16.36,63.22,2.0,18.83,,,,
2025-04-21 11:00:00+00:00,jp,uaqi,Universal AQI,49.0,218.18,0.3,16.81,63.94,1.66,19.97,,,,
2025-04-21 12:00:00+00:00,jp,uaqi,Universal AQI,53.0,218.95,0.1,22.16,58.55,1.02,19.94,,,,
2025-04-21 13:00:00+00:00,jp,uaqi,Universal AQI,63.0,299.35,0.02,32.78,46.57,1.02,19.9,,,,
2025-04-21 14:00:00+00:00,jp,uaqi,Universal AQI,74.0,381.35,0.0,32.41,33.51,1.35,17.46,,,,
2025-04-21 15:00:00+00:00,jp,uaqi,Universal AQI,71.0,299.73,0.08,37.86,25.14,0.7,19.21,,,,
2025-04-21 16:00:00+00:00,jp,uaqi,Universal AQI,61.0,217.67,0.95,51.0,11.05,0.36,22.91,,,,
2025-04-21 17:00:00+00:00,jp,uaqi,Universal AQI,77.0,282.79,1.1,9.99,12.49,0.35,17.98,,,,
2025-04-21 18:00:00+00:00,jp,uaqi,Universal AQI,73.0,299.31,0.25,29.13,20.22,1.0,20.5,,,,
2025-04-21 19:00:00+00:00,jp,uaqi,Universal AQI,75.0,200.98,0.02,27.13,22.49,1.0,18.26,,,,
2025-04-21 20:00:00+00:00,jp,uaqi,Universal AQI,74.0,201.64,0.0,20.48,33.53,1.0,16.62,,,,
2025-04-21 21:00:00+00:00,jp,uaqi,Universal AQI,75.0,200.79,0.0,19.18,32.28,1.0,18.15,,,,
2025-04-21 22:00:00+00:00,jp,uaqi,Universal AQI,74.0,200.79,0.04,21.3,33.09,1.0,19.44,,,,
2025-04-21 23:00:00+00:00,jp,uaqi,Universal AQI,74.0,200.83,0.08,22.88,33.31,1.0,21.42,,,,
2025-04-21 23:00:00+00:00,jp,uaqi,Universal AQI,74.0,200.83,0.08,22.88,33.31,1.0,21.42,,,,
2025-04-22 00:00:00+00:00,jp,uaqi,Universal AQI,72.0,200.96,0.32,25.85,30.34,1.0,23.48,,,,
2025-04-22 01:00:00+00:00,jp,uaqi,Universal AQI,72.0,284.26,1.19,25.73,36.03,1.0,24.15,,,,
2025-04-22 02:00:00+00:00,jp,uaqi,Universal AQI,72.0,300.13,3.9,24.39,35.63,1.34,23.38,,,,
2025-04-22 03:00:00+00:00,jp,uaqi,Universal AQI,69.0,218.42,4.01,21.55,38.7,1.34,25.82,,,,
2025-04-22 04:00:00+00:00,jp,uaqi,Universal AQI,62.0,218.31,4.15,20.15,47.53,1.01,24.31,,,,
2025-04-22 05:00:00+00:00,jp,uaqi,Universal AQI,58.0,282.19,3.42,14.43,52.45,1.0,25.43,,,,
2025-04-22 06:00:00+00:00,jp,uaqi,Universal AQI,61.0,201.14,4.21,18.94,49.26,1.0,21.92,,,,
2025-04-22 07:00:00+00:00,jp,uaqi,Universal AQI,51.0,200.46,1.01,9.12,62.03,1.01,23.88,,,,
2025-04-22 08:00:00+00:00,jp,uaqi,Universal AQI,57.0,118.69,1.57,10.65,54.03,1.01,22.18,,,,
2025-04-22 09:00:00+00:00,jp,uaqi,Universal AQI,60.0,199.54,1.37,12.7,49.81,1.01,26.46,,,,
2025-04-22 10:00:00+00:00,jp,uaqi,Universal AQI,57.0,118.59,0.5,8.97,54.29,1.01,20.77,,,,
2025-04-22 11:00:00+00:00,jp,uaqi,Universal AQI,61.0,118.54,0.08,10.59,49.49,1.01,18.57,,,,
2025-04-22 12:00:00+00:00,jp,uaqi,Universal AQI,66.0,199.53,0.06,12.99,43.42,1.01,18.58,,,,
2025-04-22 13:00:00+00:00,jp,uaqi,Universal AQI,70.0,199.58,0.02,12.14,38.35,1.0,16.83,,,,
2025-04-22 14:00:00+00:00,jp,uaqi,Universal AQI,72.0,118.69,0.06,11.7,36.03,1.01,17.91,,,,
2025-04-22 15:00:00+00:00,jp,uaqi,Universal AQI,73.0,118.88,0.1,12.24,32.41,1.0,30.3,,,,
2025-04-22 16:00:00+00:00,jp,uaqi,Universal AQI,78.0,199.67,0.08,16.51,27.42,0.65,24.0,,,,
2025-04-22 17:00:00+00:00,jp,uaqi,Universal AQI,73.0,119.14,0.02,12.22,33.61,0.35,17.74,,,,
2025-04-22 18:00:00+00:00,jp,uaqi,Universal AQI,80.0,118.42,0.02,23.67,24.92,0.01,14.66,,,,
2025-04-22 19:00:00+00:00,jp,uaqi,Universal AQI,79.0,118.42,0.04,20.7,27.26,0.01,14.84,,,,
2025-04-22 20:00:00+00:00,jp,uaqi,Universal AQI,77.0,118.04,0.0,15.53,28.88,0.01,13.75,,,,
2025-04-22 21:00:00+00:00,jp,uaqi,Universal AQI,71.0,101.39,0.0,7.85,36.89,0.0,13.26,,,,
2025-04-22 22:00:00+00:00,jp,uaqi,Universal AQI,75.0,101.68,0.0,10.0,31.55,0.01,11.37,,,,
2025-04-22 23:00:00+00:00,jp,uaqi,Universal AQI,80.0,101.69,0.0,17.07,25.23,0.0,12.52,,,,
2025-04-22 23:00:00+00:00,jp,uaqi,Universal AQI,80.0,101.69,0.0,17.07,25.23,0.0,12.52,,,,
2025-04-23 00:00:00+00:00,jp,,,,,,,,,,,,,
2025-04-23 01:00:00+00:00,jp,uaqi,Universal AQI,74.0,280.42,3.84,33.67,11.28,0.0,11.99,,,,
2025-04-23 02:00:00+00:00,jp,uaqi,Universal AQI,78.0,200.31,2.94,28.86,13.49,0.01,12.92,,,,
2025-04-23 03:00:00+00:00,jp,uaqi,Universal AQI,77.0,216.59,14.34,30.97,10.37,1.0,15.95,,,,
2025-04-23 04:00:00+00:00,jp,uaqi,Universal AQI,73.0,216.64,25.04,35.08,9.83,1.0,16.38,,,,
2025-04-23 05:00:00+00:00,jp,uaqi,Universal AQI,80.0,199.68,18.71,26.35,14.63,1.0,15.2,,,,
2025-04-23 06:00:00+00:00,jp,uaqi,Universal AQI,83.0,119.07,12.42,17.81,21.14,1.01,14.52,,,,
2025-04-23 07:00:00+00:00,jp,uaqi,Universal AQI,75.0,199.74,6.32,18.73,19.37,1.35,19.2,,,,
2025-04-23 08:00:00+00:00,jp,uaqi,Universal AQI,72.0,200.28,5.66,20.3,22.47,1.7,21.58,,,,
2025-04-23 09:00:00+00:00,jp,uaqi,Universal AQI,75.0,216.99,4.89,20.95,21.99,2.01,20.22,,,,
2025-04-23 10:00:00+00:00,jp,uaqi,Universal AQI,80.0,200.36,3.48,20.5,20.23,3.3,18.17,,,,
2025-04-23 11:00:00+00:00,jp,uaqi,Universal AQI,78.0,201.17,0.25,7.97,28.35,2.01,9.3,,,,
2025-04-23 12:00:00+00:00,jp,uaqi,Universal AQI,77.0,299.52,0.37,7.82,29.61,1.66,8.96,,,,
2025-04-23 13:00:00+00:00,jp,uaqi,Universal AQI,74.0,298.82,0.08,6.97,33.2,1.01,7.2,,,,
2025-04-23 14:00:00+00:00,jp,,,,,,,,,,,,,
2025-04-23 15:00:00+00:00,jp,uaqi,Universal AQI,71.0,118.74,0.0,7.28,36.19,0.35,7.1,,,,
2025-04-23 16:00:00+00:00,jp,uaqi,Universal AQI,74.0,118.44,0.0,10.01,33.55,0.35,9.84,,,,
2025-04-23 17:00:00+00:00,jp,uaqi,Universal AQI,79.0,118.44,0.04,17.49,26.56,0.35,11.14,,,,
2025-04-23 18:00:00+00:00,jp,uaqi,Universal AQI,73.0,118.35,0.02,9.84,34.54,0.01,9.43,,,,
2025-04-23 19:00:00+00:00,jp,uaqi,Universal AQI,73.0,118.35,0.0,11.3,34.53,0.01,12.14,,,,
2025-04-23 20:00:00+00:00,jp,uaqi,Universal AQI,76.0,118.35,0.04,10.5,29.9,0.35,7.83,,,,
2025-04-23 21:00:00+00:00,jp,uaqi,Universal AQI,70.0,118.33,0.0,5.94,37.98,0.01,8.0,,,,
2025-04-23 22:00:00+00:00,jp,uaqi,Universal AQI,75.0,118.33,0.02,10.52,31.92,0.01,7.44,,,,
2025-04-23 23:00:00+00:00,jp,uaqi,Universal AQI,77.0,118.33,0.08,15.18,29.1,0.01,8.58,,,,
2025-04-23 23:00:00+00:00,jp,uaqi,Universal AQI,77.0,118.33,0.08,15.18,29.1,0.01,8.58,,,,
2025-04-24 00:00:00+00:00,jp,uaqi,Universal AQI,74.0,199.33,0.16,14.14,32.44,0.01,9.81,,,,
2025-04-24 01:00:00+00:00,jp,uaqi,Universal AQI,72.0,199.42,0.08,12.85,35.29,0.01,8.45,,,,
2025-04-24 02:00:00+00:00,jp,uaqi,Universal AQI,71.0,201.34,0.06,11.54,36.34,0.35,12.29,,,,
2025-04-24 03:00:00+00:00,jp,uaqi,Universal AQI,71.0,200.5,1.12,10.16,36.48,0.35,9.28,,,,
2025-04-24 04:00:00+00:00,jp,uaqi,Universal AQI,71.0,199.92,1.25,10.18,36.73,0.01,11.11,,,,
2025-04-24 05:00:00+00:00,jp,uaqi,Universal AQI,69.0,118.96,2.5,10.47,39.67,0.65,10.11,,,,
2025-04-24 06:00:00+00:00,jp,uaqi,Universal AQI,66.0,199.86,2.26,11.3,43.33,0.66,10.92,,,,
2025-04-24 07:00:00+00:00,jp,uaqi,Universal AQI,64.0,199.86,2.05,11.57,45.67,0.66,12.01,,,,
2025-04-24 08:00:00+00:00,jp,uaqi,Universal AQI,60.0,199.68,2.24,11.08,50.8,1.01,10.95,,,,
2025-04-24 09:00:00+00:00,jp,uaqi,Universal AQI,59.0,216.34,2.53,14.87,51.85,0.66,10.81,,,,
2025-04-24 10:00:00+00:00,jp,uaqi,Universal AQI,54.0,217.21,1.27,13.28,57.71,1.0,12.86,,,,
2025-04-24 11:00:00+00:00,jp,uaqi,Universal AQI,56.0,217.5,0.25,14.5,55.29,1.0,13.78,,,,
2025-04-24 12:00:00+00:00,jp,uaqi,Universal AQI,56.0,217.57,0.1,13.02,55.54,1.0,13.86,,,,
2025-04-24 13:00:00+00:00,jp,uaqi,Universal AQI,57.0,217.67,0.06,14.9,54.26,1.0,14.12,,,,
2025-04-24 14:00:00+00:00,jp,uaqi,Universal AQI,60.0,299.17,0.06,16.76,50.87,1.0,14.49,,,,
2025-04-24 15:00:00+00:00,jp,uaqi,Universal AQI,66.0,381.68,0.04,16.18,43.01,1.3,16.1,,,,
2025-04-24 16:00:00+00:00,jp,uaqi,Universal AQI,75.0,299.98,0.91,32.56,17.28,1.0,16.01,,,,
2025-04-24 17:00:00+00:00,jp,uaqi,Universal AQI,80.0,218.15,0.04,27.14,17.76,1.0,14.05,,,,
2025-04-24 18:00:00+00:00,jp,uaqi,Universal AQI,80.0,218.15,0.02,18.01,25.2,1.0,13.12,,,,
2025-04-24 19:00:00+00:00,jp,uaqi,Universal AQI,83.0,217.21,0.09,20.76,18.92,1.0,14.84,,,,
2025-04-24 20:00:00+00:00,jp,uaqi,Universal AQI,82.0,216.61,0.02,23.48,13.58,1.0,13.86,,,,
2025-04-24 21:00:00+00:00,jp,uaqi,Universal AQI,82.0,216.46,0.26,23.94,14.79,0.65,14.48,,,,
2025-04-24 22:00:00+00:00,jp,uaqi,Universal AQI,78.0,216.3,1.0,29.64,7.4,0.66,14.47,,,,
2025-04-24 23:00:00+00:00,jp,uaqi,Universal AQI,71.0,217.09,1.26,37.91,5.42,1.0,16.83,,,,
2025-04-24 23:00:00+00:00,jp,uaqi,Universal AQI,71.0,217.09,1.26,37.91,5.42,1.0,16.83,,,,
2025-04-25 00:00:00+00:00,jp,uaqi,Universal AQI,72.0,217.01,8.52,36.28,2.52,1.65,15.67,,,,
2025-04-25 01:00:00+00:00,jp,uaqi,Universal AQI,73.0,299.95,15.55,35.74,6.55,1.01,17.28,,,,
2025-04-25 02:00:00+00:00,jp,uaqi,Universal AQI,75.0,301.46,10.64,33.28,8.89,1.66,16.18,,,,
2025-04-25 03:00:00+00:00,jp,uaqi,Universal AQI,78.0,236.23,10.24,29.34,13.89,2.3,17.29,,,,
2025-04-25 04:00:00+00:00,jp,uaqi,Universal AQI,76.0,234.79,18.29,31.06,14.46,1.0,18.61,,,,
2025-04-25 05:00:00+00:00,jp,uaqi,Universal AQI,63.0,218.33,1.79,11.72,45.16,0.65,29.97,,,,
2025-04-25 06:00:00+00:00,jp,uaqi,Universal AQI,56.0,218.33,3.56,13.75,45.94,1.0,33.82,,,,
2025-04-25 07:00:00+00:00,jp,uaqi,Universal AQI,63.0,299.48,8.67,24.23,36.22,1.0,26.28,,,,
2025-04-25 08:00:00+00:00,jp,uaqi,Universal AQI,58.0,299.75,2.64,16.21,52.85,1.65,30.95,,,,
2025-04-25 09:00:00+00:00,jp,uaqi,Universal AQI,54.0,299.64,1.98,16.54,58.09,1.0,33.32,,,,
2025-04-25 10:00:00+00:00,jp,uaqi,Universal AQI,54.0,316.38,1.26,14.87,58.37,1.0,38.11,,,,
2025-04-25 11:00:00+00:00,jp,uaqi,Universal AQI,46.0,397.37,0.19,15.99,56.92,1.0,49.13,,,,
2025-04-25 12:00:00+00:00,jp,uaqi,Universal AQI,41.0,398.96,0.08,11.81,53.06,0.66,47.05,,,,
2025-04-25 13:00:00+00:00,jp,uaqi,Universal AQI,46.0,300.45,0.0,7.21,51.33,0.01,46.46,,,,
2025-04-25 14:00:00+00:00,jp,uaqi,Universal AQI,50.0,299.55,0.0,8.58,52.21,0.01,41.63,,,,
2025-04-25 15:00:00+00:00,jp,uaqi,Universal AQI,51.0,299.4,0.0,8.12,52.25,0.01,38.92,,,,
2025-04-25 16:00:00+00:00,jp,uaqi,Universal AQI,50.0,298.67,0.0,7.12,54.13,0.01,38.46,,,,
2025-04-25 17:00:00+00:00,jp,uaqi,Universal AQI,48.0,299.34,0.0,7.18,54.26,0.01,43.54,,,,
2025-04-25 18:00:00+00:00,jp,uaqi,Universal AQI,47.0,299.33,0.04,7.34,52.31,0.35,41.06,,,,
2025-04-25 19:00:00+00:00,jp,uaqi,Universal AQI,52.0,379.85,0.12,9.93,50.38,0.01,38.28,,,,
2025-04-25 20:00:00+00:00,jp,uaqi,Universal AQI,52.0,379.84,0.04,10.55,44.85,0.01,36.48,,,,
2025-04-25 21:00:00+00:00,jp,uaqi,Universal AQI,55.0,299.53,0.0,12.99,37.38,0.0,34.06,,,,
2025-04-25 22:00:00+00:00,jp,uaqi,Universal AQI,53.0,298.58,0.0,13.41,34.28,0.0,37.75,,,,
2025-04-25 23:00:00+00:00,jp,uaqi,Universal AQI,53.0,298.65,0.04,15.91,32.87,0.0,35.09,,,,
2025-04-25 23:00:00+00:00,jp,uaqi,Universal AQI,53.0,298.65,0.04,15.91,32.87,0.0,35.09,,,,
2025-04-26 00:00:00+00:00,jp,uaqi,Universal AQI,57.0,299.34,0.12,19.63,29.11,0.0,35.65,,,,
2025-04-26 01:00:00+00:00,jp,uaqi,Universal AQI,56.0,300.23,1.87,22.62,28.6,0.01,33.78,,,,
2025-04-26 02:00:00+00:00,jp,uaqi,Universal AQI,59.0,397.15,0.14,8.33,46.9,0.01,34.02,,,,
2025-04-26 03:00:00+00:00,jp,uaqi,Universal AQI,58.0,384.22,0.4,7.0,47.76,1.32,32.67,,,,
2025-04-26 04:00:00+00:00,jp,uaqi,Universal AQI,53.0,381.41,1.08,10.14,46.25,1.65,38.38,,,,
2025-04-26 05:00:00+00:00,jp,uaqi,Universal AQI,55.0,316.32,2.14,9.31,48.18,1.69,38.02,,,,
2025-04-26 06:00:00+00:00,jp,uaqi,Universal AQI,56.0,316.23,0.99,6.57,55.29,1.0,31.23,,,,
2025-04-26 07:00:00+00:00,jp,uaqi,Universal AQI,55.0,298.45,0.08,7.26,56.58,1.0,26.71,,,,
2025-04-26 08:00:00+00:00,jp,uaqi,Universal AQI,55.0,298.64,0.95,8.89,56.84,1.0,27.11,,,,
2025-04-26 09:00:00+00:00,jp,uaqi,Universal AQI,55.0,299.53,2.04,17.83,56.14,1.0,27.19,,,,
2025-04-26 10:00:00+00:00,jp,uaqi,Universal AQI,56.0,299.48,1.95,23.4,55.92,1.65,25.56,,,,
2025-04-26 11:00:00+00:00,jp,uaqi,Universal AQI,52.0,235.47,0.99,21.35,59.82,1.65,26.5,,,,
2025-04-26 12:00:00+00:00,jp,uaqi,Universal AQI,62.0,235.74,1.85,41.77,41.96,1.66,27.63,,,,
2025-04-26 13:00:00+00:00,jp,uaqi,Universal AQI,60.0,236.9,0.04,41.5,44.24,1.01,29.47,,,,
2025-04-26 14:00:00+00:00,jp,uaqi,Universal AQI,55.0,236.73,0.04,50.32,33.07,2.0,32.49,,,,
2025-04-26 15:00:00+00:00,jp,uaqi,Universal AQI,61.0,317.58,0.02,36.04,29.51,2.0,27.55,,,,
2025-04-26 16:00:00+00:00,jp,uaqi,Universal AQI,55.0,580.41,0.08,37.88,29.9,1.01,36.78,,,,
2025-04-26 17:00:00+00:00,jp,uaqi,Universal AQI,57.0,498.24,0.08,29.08,37.0,1.35,31.44,,,,
2025-04-26 18:00:00+00:00,jp,uaqi,Universal AQI,58.0,497.79,0.0,24.14,36.44,1.35,32.25,,,,
2025-04-26 19:00:00+00:00,jp,uaqi,Universal AQI,58.0,481.07,0.04,19.9,36.08,1.35,33.26,,,,
2025-04-26 20:00:00+00:00,jp,uaqi,Universal AQI,57.0,480.05,0.0,21.83,31.09,1.34,32.36,,,,
2025-04-26 21:00:00+00:00,jp,uaqi,Universal AQI,58.0,398.02,0.0,21.61,29.64,1.0,29.3,,,,
2025-04-26 22:00:00+00:00,jp,uaqi,Universal AQI,62.0,398.93,0.0,19.18,30.41,1.0,29.96,,,,
2025-04-26 23:00:00+00:00,jp,uaqi,Universal AQI,58.0,398.78,0.04,15.63,33.77,0.01,30.78,,,,
2025-04-26 23:00:00+00:00,jp,uaqi,Universal AQI,58.0,398.78,0.04,15.63,33.77,0.01,30.78,,,,
2025-04-27 00:00:00+00:00,jp,uaqi,Universal AQI,57.0,398.14,0.0,17.87,30.08,0.01,31.03,,,,
2025-04-27 01:00:00+00:00,jp,uaqi,Universal AQI,62.0,398.17,1.91,20.76,26.7,1.0,34.03,,,,
2025-04-27 02:00:00+00:00,jp,uaqi,Universal AQI,57.0,398.78,4.59,23.01,33.52,1.65,33.8,,,,
2025-04-27 03:00:00+00:00,jp,uaqi,Universal AQI,60.0,415.69,4.06,16.61,37.15,2.0,33.25,,,,
2025-04-27 04:00:00+00:00,jp,uaqi,Universal AQI,59.0,398.53,2.1,12.44,45.4,1.66,31.29,,,,
2025-04-27 05:00:00+00:00,jp,uaqi,Universal AQI,60.0,398.51,2.02,11.65,49.07,2.01,32.09,,,,
2025-04-27 06:00:00+00:00,jp,uaqi,Universal AQI,58.0,316.63,2.14,14.56,52.44,2.01,30.64,,,,
2025-04-27 07:00:00+00:00,jp,uaqi,Universal AQI,53.0,299.51,2.08,13.92,58.94,2.01,27.12,,,,
2025-04-27 08:00:00+00:00,jp,uaqi,Universal AQI,44.0,299.29,0.99,11.49,69.84,1.01,29.1,,,,
2025-04-27 09:00:00+00:00,jp,uaqi,Universal AQI,37.0,299.14,0.02,5.83,81.01,1.01,27.36,,,,
2025-04-27 10:00:00+00:00,jp,uaqi,Universal AQI,38.0,299.13,0.02,5.46,79.5,1.01,28.01,,,,
2025-04-27 11:00:00+00:00,jp,uaqi,Universal AQI,40.0,216.51,0.02,8.24,75.52,1.01,27.12,,,,
2025-04-27 12:00:00+00:00,jp,uaqi,Universal AQI,44.0,297.47,0.0,12.81,70.99,1.01,28.78,,,,
2025-04-27 13:00:00+00:00,jp,uaqi,Universal AQI,46.0,216.31,0.0,12.44,67.96,1.0,29.33,,,,
2025-04-27 14:00:00+00:00,jp,uaqi,Universal AQI,51.0,216.35,0.0,15.25,61.21,1.0,26.59,,,,
2025-04-27 15:00:00+00:00,jp,uaqi,Universal AQI,50.0,216.79,0.0,10.78,62.84,1.0,22.88,,,,
2025-04-27 16:00:00+00:00,jp,uaqi,Universal AQI,50.0,216.64,0.0,8.84,62.84,1.0,23.7,,,,
2025-04-27 17:00:00+00:00,jp,uaqi,Universal AQI,47.0,216.79,0.0,8.83,66.17,1.0,22.04,,,,
2025-04-27 18:00:00+00:00,jp,uaqi,Universal AQI,49.0,216.49,0.0,6.19,64.54,1.01,18.49,,,,
2025-04-27 19:00:00+00:00,jp,uaqi,Universal AQI,49.0,216.64,0.0,16.48,64.54,1.0,25.09,,,,
2025-04-27 20:00:00+00:00,jp,uaqi,Universal AQI,49.0,200.49,0.0,6.07,64.48,1.0,20.43,,,,
2025-04-27 21:00:00+00:00,jp,uaqi,Universal AQI,52.0,199.63,0.0,9.5,60.49,1.0,19.71,,,,
2025-04-27 22:00:00+00:00,jp,uaqi,Universal AQI,53.0,199.69,0.0,9.53,59.68,1.0,21.25,,,,
2025-04-27 23:00:00+00:00,jp,uaqi,Universal AQI,56.0,199.63,0.12,17.45,55.61,1.0,21.49,,,,
2025-04-27 23:00:00+00:00,jp,uaqi,Universal AQI,56.0,199.63,0.12,17.45,55.61,1.0,21.49,,,,
2025-04-28 00:00:00+00:00,jp,uaqi,Universal AQI,57.0,201.05,0.18,17.38,54.66,1.01,21.59,,,,
2025-04-28 01:00:00+00:00,jp,uaqi,Universal AQI,60.0,299.03,0.12,21.25,49.87,1.01,23.27,,,,
2025-04-28 02:00:00+00:00,jp,uaqi,Universal AQI,56.0,299.44,0.14,15.11,55.16,1.0,19.24,,,,
2025-04-28 03:00:00+00:00,jp,uaqi,Universal AQI,61.0,299.64,1.93,24.67,49.15,1.01,20.66,,,,
2025-04-28 04:00:00+00:00,jp,uaqi,Universal AQI,55.0,298.69,2.44,17.43,56.15,1.65,21.6,,,,
2025-04-28 05:00:00+00:00,jp,uaqi,Universal AQI,55.0,217.59,3.29,17.61,56.02,1.01,23.73,,,,
2025-04-28 06:00:00+00:00,jp,uaqi,Universal AQI,57.0,299.48,1.45,15.58,54.11,1.65,24.89,,,,
2025-04-28 07:00:00+00:00,jp,uaqi,Universal AQI,60.0,299.2,1.28,18.48,49.94,1.65,24.02,,,,
2025-04-28 08:00:00+00:00,jp,uaqi,Universal AQI,63.0,219.09,0.49,20.2,46.35,1.65,23.95,,,,
2025-04-28 09:00:00+00:00,jp,uaqi,Universal AQI,68.0,219.15,2.46,28.41,40.23,1.65,23.94,,,,
2025-04-28 10:00:00+00:00,jp,uaqi,Universal AQI,64.0,299.49,1.26,25.05,44.84,1.65,26.71,,,,
2025-04-28 11:00:00+00:00,jp,uaqi,Universal AQI,57.0,218.31,0.1,14.67,53.5,1.0,19.42,,,,
2025-04-28 12:00:00+00:00,jp,uaqi,Universal AQI,69.0,315.68,0.04,25.86,39.58,1.0,19.33,,,,
2025-04-28 13:00:00+00:00,jp,uaqi,Universal AQI,74.0,316.65,0.02,30.53,25.32,1.0,19.54,,,,
2025-04-28 14:00:00+00:00,jp,uaqi,Universal AQI,78.0,381.2,0.04,29.18,15.1,1.0,16.2,,,,
2025-04-28 15:00:00+00:00,jp,uaqi,Universal AQI,75.0,381.87,0.17,32.97,14.5,0.65,19.85,,,,
2025-04-28 16:00:00+00:00,jp,uaqi,Universal AQI,75.0,463.26,1.31,32.34,8.83,0.01,18.94,,,,
2025-04-28 17:00:00+00:00,jp,uaqi,Universal AQI,73.0,380.44,0.14,24.68,16.13,0.65,20.09,,,,
2025-04-28 18:00:00+00:00,jp,uaqi,Universal AQI,74.0,298.6,0.02,15.88,22.09,0.65,21.35,,,,
2025-04-28 19:00:00+00:00,jp,uaqi,Universal AQI,73.0,299.33,0.0,15.82,22.32,0.65,22.62,,,,
2025-04-28 20:00:00+00:00,jp,uaqi,Universal AQI,70.0,298.56,0.02,15.16,21.14,0.65,23.02,,,,
2025-04-28 21:00:00+00:00,jp,uaqi,Universal AQI,71.0,298.96,0.0,10.11,26.79,0.01,23.6,,,,
2025-04-28 22:00:00+00:00,jp,uaqi,Universal AQI,62.0,216.23,0.0,5.84,47.5,0.01,17.44,,,,
2025-04-28 23:00:00+00:00,jp,uaqi,Universal AQI,63.0,217.56,0.0,11.17,46.33,0.01,18.61,,,,
2025-04-28 23:00:00+00:00,jp,uaqi,Universal AQI,63.0,217.56,0.0,11.17,46.33,0.01,18.61,,,,
2025-04-29 00:00:00+00:00,jp,uaqi,Universal AQI,72.0,298.26,0.0,12.99,35.46,0.0,20.34,,,,
2025-04-29 01:00:00+00:00,jp,uaqi,Universal AQI,63.0,299.27,0.04,10.57,47.04,0.01,19.91,,,,
2025-04-29 02:00:00+00:00,jp,uaqi,Universal AQI,61.0,298.96,0.06,9.71,49.63,0.01,21.0,,,,
2025-04-29 03:00:00+00:00,jp,uaqi,Universal AQI,59.0,298.56,0.1,8.84,51.11,0.01,17.11,,,,
2025-04-29 04:00:00+00:00,jp,uaqi,Universal AQI,59.0,216.65,0.02,6.54,52.03,0.01,17.22,,,,
2025-04-29 05:00:00+00:00,jp,uaqi,Universal AQI,59.0,216.34,0.0,1.96,52.23,0.01,10.73,,,,
2025-04-29 06:00:00+00:00,jp,uaqi,Universal AQI,57.0,216.23,0.0,4.21,54.18,0.01,16.15,,,,
2025-04-29 07:00:00+00:00,jp,uaqi,Universal AQI,56.0,216.36,0.12,4.69,55.96,0.01,19.18,,,,
2025-04-29 08:00:00+00:00,jp,uaqi,Universal AQI,57.0,216.4,0.17,7.71,54.18,0.66,18.31,,,,
2025-04-29 09:00:00+00:00,jp,uaqi,Universal AQI,54.0,216.33,0.06,6.22,58.23,0.01,16.92,,,,
2025-04-29 10:00:00+00:00,jp,uaqi,Universal AQI,53.0,297.58,0.06,6.34,59.28,0.01,17.74,,,,
2025-04-29 11:00:00+00:00,jp,uaqi,Universal AQI,52.0,216.39,0.02,3.18,60.16,0.01,14.77,,,,
2025-04-29 12:00:00+00:00,jp,uaqi,Universal AQI,55.0,297.58,0.1,10.0,57.21,0.65,18.82,,,,
2025-04-29 13:00:00+00:00,jp,uaqi,Universal AQI,55.0,299.09,0.0,7.21,56.94,0.01,27.82,,,,
2025-04-29 14:00:00+00:00,jp,uaqi,Universal AQI,55.0,298.39,0.04,7.98,56.97,0.0,28.66,,,,
2025-04-29 15:00:00+00:00,jp,uaqi,Universal AQI,55.0,298.67,0.0,11.46,56.02,0.01,34.02,,,,
2025-04-29 16:00:00+00:00,jp,uaqi,Universal AQI,55.0,299.37,0.0,9.2,57.06,0.01,32.28,,,,
2025-04-29 17:00:00+00:00,jp,uaqi,Universal AQI,55.0,298.63,0.0,7.86,56.99,0.01,32.88,,,,
2025-04-29 18:00:00+00:00,jp,uaqi,Universal AQI,56.0,217.49,0.0,7.82,55.23,0.0,30.87,,,,
2025-04-29 19:00:00+00:00,jp,uaqi,Universal AQI,60.0,299.33,0.0,8.54,50.24,0.01,29.1,,,,
2025-04-29 20:00:00+00:00,jp,N/A,N/A,N/A,N/A,N/A,N/A,N/A,N/A,N/A,N/A,N/A,N/A,N/A
2025-04-29 21:00:00+00:00,jp,N/A,N/A,N/A,N/A,N/A,N/A,N/A,N/A,N/A,N/A,N/A,N/A,N/A
2025-04-29 22:00:00+00:00,jp,uaqi,Universal AQI,61.0,298.63,0.04,14.98,36.02,0.0,29.41,,,,
2025-04-29 23:00:00+00:00,jp,uaqi,Universal AQI,59.0,298.63,0.16,18.66,32.05,0.0,29.7,,,,
2025-04-29 23:00:00+00:00,jp,uaqi,Universal AQI,59.0,298.63,0.16,18.66,32.05,0.0,29.7,,,,
2025-04-30 00:00:00+00:00,jp,uaqi,Universal AQI,61.0,298.65,1.93,34.42,16.36,0.0,28.63,,,,
2025-04-30 01:00:00+00:00,jp,uaqi,Universal AQI,65.0,381.35,1.22,21.42,35.26,0.01,30.4,,,,
2025-04-30 02:00:00+00:00,jp,uaqi,Universal AQI,64.0,317.51,1.95,17.75,41.65,0.01,31.73,,,,
2025-04-30 03:00:00+00:00,jp,uaqi,Universal AQI,61.0,300.21,1.13,13.33,49.71,0.66,31.78,,,,
2025-04-30 04:00:00+00:00,jp,uaqi,Universal AQI,61.0,316.1,3.32,11.23,48.88,0.66,25.21,,,,
2025-04-30 05:00:00+00:00,jp,uaqi,Universal AQI,58.0,316.31,5.53,19.62,45.97,1.0,34.19,,,,
2025-04-30 06:00:00+00:00,jp,uaqi,Universal AQI,55.0,299.62,4.96,20.38,49.5,0.66,38.92,,,,
2025-04-30 07:00:00+00:00,jp,uaqi,Universal AQI,54.0,299.72,2.07,15.79,56.47,0.66,34.33,,,,
2025-04-30 08:00:00+00:00,jp,uaqi,Universal AQI,53.0,300.54,3.22,19.21,59.68,0.66,33.22,,,,
2025-04-30 09:00:00+00:00,jp,uaqi,Universal AQI,50.0,300.14,4.01,25.93,62.31,1.66,33.03,,,,
2025-04-30 10:00:00+00:00,jp,uaqi,Universal AQI,41.0,300.44,2.33,18.59,73.89,1.65,31.98,,,,
2025-04-30 11:00:00+00:00,jp,uaqi,Universal AQI,50.0,299.42,1.17,28.47,62.54,1.0,32.52,,,,
2025-04-30 12:00:00+00:00,jp,uaqi,Universal AQI,56.0,299.88,5.59,63.17,31.5,1.65,33.41,,,,
2025-04-30 13:00:00+00:00,jp,uaqi,Universal AQI,63.0,299.87,0.93,45.33,36.65,1.01,29.28,,,,
2025-04-30 14:00:00+00:00,jp,uaqi,Universal AQI,64.0,300.71,0.0,30.05,41.2,1.02,27.34,,,,
2025-04-30 15:00:00+00:00,jp,uaqi,Universal AQI,55.0,317.41,5.81,42.46,35.71,1.36,34.6,,,,
2025-04-30 16:00:00+00:00,jp,uaqi,Universal AQI,69.0,318.36,0.02,32.38,33.05,1.36,25.07,,,,
2025-04-30 17:00:00+00:00,jp,uaqi,Universal AQI,62.0,300.82,0.04,39.43,26.74,1.0,31.36,,,,
2025-04-30 18:00:00+00:00,jp,uaqi,Universal AQI,59.0,219.11,0.02,28.15,34.39,1.0,29.57,,,,
2025-04-30 19:00:00+00:00,jp,uaqi,Universal AQI,62.0,299.84,0.0,23.5,37.67,0.66,29.11,,,,
2025-04-30 20:00:00+00:00,jp,uaqi,Universal AQI,64.0,299.66,0.0,21.31,35.72,1.0,28.95,,,,
2025-04-30 21:00:00+00:00,jp,uaqi,Universal AQI,64.0,380.53,0.02,23.92,29.16,0.35,28.08,,,,
2025-04-30 22:00:00+00:00,jp,uaqi,Universal AQI,62.0,381.27,0.06,30.19,19.81,0.65,28.6,,,,
2025-04-30 23:00:00+00:00,jp,uaqi,Universal AQI,63.0,381.1,0.28,39.25,11.67,0.01,27.94,,,,
2025-04-30 23:00:00+00:00,jp,uaqi,Universal AQI,63.0,381.1,0.28,39.25,11.67,0.01,27.94,,,,
2025-05-01 00:00:00+00:00,jp,uaqi,Universal AQI,63.0,380.99,3.76,43.07,10.27,0.35,29.67,,,,
2025-05-01 01:00:00+00:00,jp,uaqi,Universal AQI,63.0,398.86,4.02,34.7,23.91,1.0,30.51,,,,
2025-05-01 02:00:00+00:00,jp,uaqi,Universal AQI,59.0,316.32,3.01,22.56,39.08,1.0,31.54,,,,
2025-05-01 03:00:00+00:00,jp,uaqi,Universal AQI,60.0,316.16,2.07,19.9,45.07,1.0,31.87,,,,
2025-05-01 04:00:00+00:00,jp,uaqi,Universal AQI,58.0,299.43,4.42,25.77,45.56,1.0,30.98,,,,
2025-05-01 05:00:00+00:00,jp,uaqi,Universal AQI,58.0,299.46,3.27,18.48,53.4,1.01,31.47,,,,
2025-05-01 06:00:00+00:00,jp,uaqi,Universal AQI,55.0,298.77,2.39,15.16,56.44,1.35,31.52,,,,
2025-05-01 07:00:00+00:00,jp,uaqi,Universal AQI,55.0,298.74,2.28,14.19,56.28,1.35,27.93,,,,
2025-05-01 08:00:00+00:00,jp,uaqi,Universal AQI,51.0,298.45,1.2,12.03,62.09,2.0,26.13,,,,
2025-05-01 09:00:00+00:00,jp,uaqi,Universal AQI,51.0,298.45,1.07,12.18,61.26,1.66,26.16,,,,
2025-05-01 10:00:00+00:00,jp,uaqi,Universal AQI,47.0,216.46,0.31,8.39,66.16,1.0,33.51,,,,
2025-05-01 11:00:00+00:00,jp,uaqi,Universal AQI,48.0,216.43,0.06,8.82,65.46,0.66,28.33,,,,
2025-05-01 12:00:00+00:00,jp,uaqi,Universal AQI,47.0,216.76,0.06,6.49,66.09,0.66,25.58,,,,
2025-05-01 13:00:00+00:00,jp,uaqi,Universal AQI,53.0,216.79,0.06,14.93,58.58,0.66,26.82,,,,
2025-05-01 14:00:00+00:00,jp,uaqi,Universal AQI,53.0,216.49,0.06,9.58,59.12,0.66,23.99,,,,
2025-05-01 15:00:00+00:00,jp,uaqi,Universal AQI,62.0,216.41,0.02,17.4,48.39,0.66,25.6,,,,
2025-05-01 16:00:00+00:00,jp,uaqi,Universal AQI,67.0,199.68,0.1,20.49,41.83,0.66,25.2,,,,
2025-05-01 17:00:00+00:00,jp,uaqi,Universal AQI,58.0,199.81,0.02,10.62,52.65,0.66,25.07,,,,
2025-05-01 18:00:00+00:00,jp,uaqi,Universal AQI,60.0,199.6,0.0,11.66,50.63,0.65,21.47,,,,
2025-05-01 19:00:00+00:00,jp,uaqi,Universal AQI,60.0,216.17,0.0,27.02,50.29,0.65,24.62,,,,
2025-05-01 20:00:00+00:00,jp,uaqi,Universal AQI,67.0,216.14,0.0,13.15,41.13,1.0,18.8,,,,
2025-05-01 21:00:00+00:00,jp,uaqi,Universal AQI,58.0,199.63,0.0,9.69,53.36,0.66,18.49,,,,
2025-05-01 22:00:00+00:00,jp,uaqi,Universal AQI,55.0,199.43,0.04,8.3,56.41,0.65,17.38,,,,
2025-05-01 23:00:00+00:00,jp,uaqi,Universal AQI,57.0,199.34,0.0,12.37,54.45,0.65,17.4,,,,
2025-05-01 23:00:00+00:00,jp,uaqi,Universal AQI,57.0,199.34,0.0,12.37,54.45,0.65,17.4,,,,
2025-05-02 00:00:00+00:00,jp,uaqi,Universal AQI,60.0,199.43,0.08,13.34,50.86,0.65,16.38,,,,
2025-05-02 01:00:00+00:00,jp,uaqi,Universal AQI,61.0,199.52,0.18,18.03,49.65,0.01,16.86,,,,
2025-05-02 02:00:00+00:00,jp,uaqi,Universal AQI,61.0,202.09,0.14,19.2,49.15,0.65,18.48,,,,
2025-05-02 03:00:00+00:00,jp,uaqi,Universal AQI,59.0,217.07,0.1,14.0,51.14,0.01,14.61,,,,
2025-05-02 04:00:00+00:00,jp,uaqi,Universal AQI,59.0,217.69,0.18,11.19,51.69,0.01,12.84,,,,
2025-05-02 05:00:00+00:00,jp,uaqi,Universal AQI,65.0,217.46,2.71,18.04,44.3,0.65,13.25,,,,
2025-05-02 06:00:00+00:00,jp,uaqi,Universal AQI,63.0,216.98,4.04,18.85,46.93,0.65,13.45,,,,
2025-05-02 07:00:00+00:00,jp,uaqi,Universal AQI,62.0,216.38,4.28,18.73,48.02,1.65,15.47,,,,
2025-05-02 08:00:00+00:00,jp,uaqi,Universal AQI,53.0,216.54,1.66,13.89,59.5,1.0,13.56,,,,
2025-05-02 09:00:00+00:00,jp,uaqi,Universal AQI,49.0,216.76,0.56,5.82,64.04,1.0,9.92,,,,
2025-05-02 10:00:00+00:00,jp,uaqi,Universal AQI,48.0,218.08,0.63,7.42,65.72,1.01,16.56,,,,
2025-05-02 11:00:00+00:00,jp,uaqi,Universal AQI,51.0,298.83,0.6,12.29,61.88,2.0,16.33,,,,
2025-05-02 12:00:00+00:00,jp,uaqi,Universal AQI,56.0,282.54,1.08,12.44,55.79,1.3,15.9,,,,
2025-05-02 13:00:00+00:00,jp,uaqi,Universal AQI,61.0,218.31,0.0,6.45,49.37,0.65,20.25,,,,
2025-05-02 14:00:00+00:00,jp,uaqi,Universal AQI,62.0,299.34,0.0,8.06,48.19,0.65,19.72,,,,
2025-05-02 15:00:00+00:00,jp,uaqi,Universal AQI,65.0,298.74,0.0,12.18,43.98,0.65,22.58,,,,
2025-05-02 16:00:00+00:00,jp,uaqi,Universal AQI,65.0,298.74,0.0,11.89,43.98,0.65,23.48,,,,
2025-05-02 17:00:00+00:00,jp,uaqi,Universal AQI,59.0,299.31,0.0,5.37,51.06,0.65,19.16,,,,
2025-05-02 18:00:00+00:00,jp,uaqi,Universal AQI,62.0,299.6,0.0,5.41,47.92,0.01,20.6,,,,
2025-05-02 19:00:00+00:00,jp,uaqi,Universal AQI,66.0,299.16,0.0,7.48,43.38,0.01,18.9,,,,
2025-05-02 20:00:00+00:00,jp,uaqi,Universal AQI,62.0,218.45,0.0,5.22,47.29,0.01,19.33,,,,
2025-05-02 21:00:00+00:00,jp,uaqi,Universal AQI,64.0,217.57,0.0,7.21,45.78,0.0,16.53,,,,
2025-05-02 22:00:00+00:00,jp,uaqi,Universal AQI,61.0,217.57,0.0,7.3,49.05,0.0,16.61,,,,
2025-05-02 23:00:00+00:00,jp,uaqi,Universal AQI,63.0,217.57,0.0,7.3,47.06,0.0,15.02,,,,
2025-05-02 23:00:00+00:00,jp,uaqi,Universal AQI,63.0,217.57,0.0,7.3,47.06,0.0,15.02,,,,
2025-05-03 00:00:00+00:00,jp,uaqi,Universal AQI,75.0,299.39,0.04,15.82,31.64,0.0,16.18,,,,
2025-05-03 01:00:00+00:00,jp,uaqi,Universal AQI,76.0,299.44,1.03,15.21,30.78,0.0,20.7,,,,
2025-05-03 02:00:00+00:00,jp,uaqi,Universal AQI,65.0,381.11,0.12,9.21,44.08,1.3,20.31,,,,
2025-05-03 03:00:00+00:00,jp,uaqi,Universal AQI,65.0,382.67,1.06,10.75,44.34,1.96,19.89,,,,
2025-05-03 04:00:00+00:00,jp,uaqi,Universal AQI,63.0,467.0,1.96,10.94,46.59,2.65,22.57,,,,
2025-05-03 05:00:00+00:00,jp,uaqi,Universal AQI,60.0,400.07,1.87,11.35,50.93,2.66,24.46,,,,
2025-05-03 06:00:00+00:00,jp,uaqi,Universal AQI,57.0,238.91,3.59,15.44,54.3,2.05,22.4,,,,
2025-05-03 07:00:00+00:00,jp,uaqi,Universal AQI,54.0,219.69,1.87,10.42,57.88,1.01,17.54,,,,
2025-05-03 08:00:00+00:00,jp,uaqi,Universal AQI,51.0,298.64,1.28,7.47,61.93,0.66,19.01,,,,
2025-05-03 09:00:00+00:00,jp,uaqi,Universal AQI,49.0,298.41,0.06,5.47,64.29,0.66,16.12,,,,
2025-05-03 10:00:00+00:00,jp,uaqi,Universal AQI,45.0,298.44,0.06,6.42,68.93,0.66,19.12,,,,
2025-05-03 11:00:00+00:00,jp,uaqi,Universal AQI,46.0,298.41,0.06,8.92,67.47,1.01,19.66,,,,
2025-05-03 12:00:00+00:00,jp,uaqi,Universal AQI,46.0,298.67,0.0,7.88,67.53,0.66,19.85,,,,
2025-05-03 13:00:00+00:00,jp,uaqi,Universal AQI,48.0,217.55,0.04,6.93,65.27,0.66,25.42,,,,
2025-05-03 14:00:00+00:00,jp,uaqi,Universal AQI,51.0,216.72,0.0,8.03,61.77,0.66,25.66,,,,
2025-05-03 15:00:00+00:00,jp,uaqi,Universal AQI,50.0,233.31,0.0,5.64,63.41,1.0,21.85,,,,
2025-05-03 16:00:00+00:00,jp,uaqi,Universal AQI,50.0,216.47,0.0,6.79,63.32,1.0,19.54,,,,
2025-05-03 17:00:00+00:00,jp,uaqi,Universal AQI,50.0,216.48,0.0,5.92,63.44,1.0,20.78,,,,
2025-05-03 18:00:00+00:00,jp,uaqi,Universal AQI,49.0,200.38,0.0,4.86,63.55,0.66,24.11,,,,
2025-05-03 19:00:00+00:00,jp,uaqi,Universal AQI,50.0,199.61,0.0,4.12,63.36,0.66,20.32,,,,
2025-05-03 20:00:00+00:00,jp,uaqi,Universal AQI,53.0,199.58,0.0,4.5,59.1,0.66,17.56,,,,
2025-05-03 21:00:00+00:00,jp,uaqi,Universal AQI,57.0,199.63,0.0,4.5,54.36,0.66,19.49,,,,
2025-05-03 22:00:00+00:00,jp,uaqi,Universal AQI,56.0,216.33,0.0,4.81,55.11,0.66,20.11,,,,
2025-05-03 23:00:00+00:00,jp,uaqi,Universal AQI,57.0,218.24,0.0,5.42,53.6,1.01,20.12,,,,
2025-05-04 00:00:00+00:00,jp,uaqi,Universal AQI,62,316.35,0,8.7,47.61,1.01,20.51,,o3,N/A,N/A
2025-05-04 01:00:00+00:00,jp,uaqi,Universal AQI,67,316.31,0.02,8.32,42.25,1,16.68,,o3,N/A,N/A
2025-05-04 02:00:00+00:00,jp,uaqi,Universal AQI,65,299.57,0.89,9.12,43.66,1,17.37,,o3,N/A,N/A
2025-05-04 03:00:00+00:00,jp,uaqi,Universal AQI,58,217.35,0.02,6,53.37,1.69,16.19,,o3,N/A,N/A
2025-05-04 04:00:00+00:00,jp,uaqi,Universal AQI,53,217.33,0.02,5.24,59.22,0.66,17.64,,o3,N/A,N/A
2025-05-04 05:00:00+00:00,jp,uaqi,Universal AQI,54,217.26,0.06,6,57.44,1,14.76,,o3,N/A,N/A
2025-05-04 06:00:00+00:00,jp,uaqi,Universal AQI,54,217.32,0.02,4.98,58.37,0.65,13.1,,o3,N/A,N/A
2025-05-04 07:00:00+00:00,jp,uaqi,Universal AQI,55,217.3,0.02,5.4,56.54,0.65,14.05,,o3,N/A,N/A
2025-05-04 08:00:00+00:00,jp,uaqi,Universal AQI,55,217.33,0.04,4.59,56.49,0.65,14.29,,o3,N/A,N/A
2025-05-04 09:00:00+00:00,jp,uaqi,Universal AQI,53,299.05,0.09,5.43,59.39,0.66,14.6,,o3,N/A,N/A
2025-05-04 10:00:00+00:00,jp,uaqi,Universal AQI,52,216.82,0.02,5.24,60.21,0.66,14.4,,o3,N/A,N/A
2025-05-04 11:00:00+00:00,jp,uaqi,Universal AQI,50,217.26,0,6.51,62.29,0.66,15.11,,o3,N/A,N/A
2025-05-04 12:00:00+00:00,jp,uaqi,Universal AQI,53,217.11,0,6.93,59.27,0.66,16.77,,o3,N/A,N/A
2025-05-04 13:00:00+00:00,jp,uaqi,Universal AQI,63,217.27,0,9.06,46.97,0.66,14.96,,o3,N/A,N/A
2025-05-04 14:00:00+00:00,jp,uaqi,Universal AQI,62,315.65,0,12.51,47.47,1,16.12,,o3,N/A,N/A
2025-05-04 15:00:00+00:00,jp,uaqi,Universal AQI,68,201.33,0,14.76,40.79,1,18.54,,o3,N/A,N/A
2025-05-04 16:00:00+00:00,jp,uaqi,Universal AQI,67,299.35,0,12.52,41.11,0.66,17.24,,o3,N/A,N/A
2025-05-04 17:00:00+00:00,jp,uaqi,Universal AQI,68,381.17,0,12.83,40.13,1,19.17,,o3,N/A,N/A
2025-05-04 18:00:00+00:00,jp,uaqi,Universal AQI,67,300.26,0,13.02,41.29,1,18.49,,o3,N/A,N/A
2025-05-04 19:00:00+00:00,jp,uaqi,Universal AQI,69,379.56,0,11.8,39.75,1,18.17,,o3,N/A,N/A
2025-05-04 20:00:00+00:00,jp,uaqi,Universal AQI,69,281.91,0,10.4,38.57,0.65,15.4,,o3,N/A,N/A
2025-05-04 21:00:00+00:00,jp,uaqi,Universal AQI,69,200.5,0,8.79,39.76,0.65,15.28,,o3,N/A,N/A
2025-05-04 22:00:00+00:00,jp,uaqi,Universal AQI,73,363.33,0,12.43,34.76,1.3,19.99,,o3,N/A,N/A
2025-05-04 23:00:00+00:00,jp,uaqi,Universal AQI,72,443.5,0,11.83,35.4,1.64,16.48,,o3,N/A,N/A
2025-05-05 00:00:00+00:00,jp,uaqi,Universal AQI,70,298.14,0,12.42,37.85,0.65,17.11,,o3,N/A,N/A
2025-05-05 01:00:00+00:00,jp,uaqi,Universal AQI,76,316.45,1.06,15.62,30.17,1.99,21.25,,o3,N/A,N/A
2025-05-05 02:00:00+00:00,jp,uaqi,Universal AQI,76,300.38,2.08,17.38,30.37,2,21.44,,o3,N/A,N/A
2025-05-05 03:00:00+00:00,jp,uaqi,Universal AQI,71,317.26,2.03,9.02,36.33,2,16.59,,o3,N/A,N/A
2025-05-05 04:00:00+00:00,jp,uaqi,Universal AQI,67,316.68,2.17,12.31,42.07,2,23.85,,o3,N/A,N/A
2025-05-05 05:00:00+00:00,jp,uaqi,Universal AQI,61,299.08,1.1,10.71,49.29,1.66,20.66,,o3,N/A,N/A
2025-05-05 06:00:00+00:00,jp,uaqi,Universal AQI,60,300.7,2.08,11.95,50.63,1.66,22.27,,o3,N/A,N/A
2025-05-05 07:00:00+00:00,jp,uaqi,Universal AQI,54,300.14,0.97,9.8,57.59,1.67,18.12,,o3,N/A,N/A
2025-05-05 08:00:00+00:00,jp,uaqi,Universal AQI,49,217.26,0.1,6.32,64.05,0.66,19.17,,o3,N/A,N/A
2025-05-05 09:00:00+00:00,jp,uaqi,Universal AQI,48,200.1,0,6.08,65,0.66,15.06,,o3,N/A,N/A
2025-05-05 10:00:00+00:00,jp,uaqi,Universal AQI,53,199.82,0.97,12.91,58.81,1,16.9,,o3,N/A,N/A
2025-05-05 11:00:00+00:00,jp,uaqi,Universal AQI,56,217.18,0.97,18.33,55.28,1,18.09,,o3,N/A,N/A
2025-05-05 12:00:00+00:00,jp,uaqi,Universal AQI,50,216.35,0,8.98,62.32,1.01,15.91,,o3,N/A,N/A
2025-05-05 13:00:00+00:00,jp,uaqi,Universal AQI,53,216.35,0,7.02,59.57,0.66,10.51,,o3,N/A,N/A
2025-05-05 14:00:00+00:00,jp,uaqi,Universal AQI,53,216.35,0,8.93,59.46,0.66,15.96,,o3,N/A,N/A
2025-05-05 15:00:00+00:00,jp,uaqi,Universal AQI,54,216.53,0,10.28,57.63,1.01,18.32,,o3,N/A,N/A
2025-05-05 16:00:00+00:00,jp,uaqi,Universal AQI,57,216.53,0,13.43,53.76,1.01,18.3,,o3,N/A,N/A
2025-05-05 17:00:00+00:00,jp,uaqi,Universal AQI,57,217.45,0,11.3,53.59,1.01,15.62,,o3,N/A,N/A
2025-05-05 18:00:00+00:00,jp,uaqi,Universal AQI,64,217.31,0,14.06,45.06,0.66,17.42,,o3,N/A,N/A
2025-05-05 19:00:00+00:00,jp,uaqi,Universal AQI,65,200.77,0,8.47,44.66,0.66,20.63,,o3,N/A,N/A
2025-05-05 20:00:00+00:00,jp,uaqi,Universal AQI,71,200.56,0,11.34,37.14,0.65,16.23,,o3,N/A,N/A
2025-05-05 21:00:00+00:00,jp,uaqi,Universal AQI,66,200.61,0,8.47,42.7,0.65,14.44,,o3,N/A,N/A
2025-05-05 22:00:00+00:00,jp,uaqi,Universal AQI,62,118.66,0,2.95,47.39,0.65,6.06,,o3,N/A,N/A
2025-05-05 23:00:00+00:00,jp,uaqi,Universal AQI,64,198.71,0,9.39,45.18,0.65,13.26,,o3,N/A,N/A
2025-05-06 00:00:00+00:00,jp,uaqi,Universal AQI,62,200.24,0,8.88,47.85,0.01,12,,o3,N/A,N/A
2025-05-06 01:00:00+00:00,jp,uaqi,Universal AQI,63,200.17,0,9.72,46.8,0,11.13,,o3,N/A,N/A
2025-05-06 02:00:00+00:00,jp,uaqi,Universal AQI,63,200.17,0,8.95,47.18,0,12.7,,o3,N/A,N/A
2025-05-06 03:00:00+00:00,jp,uaqi,Universal AQI,63,200.25,0.02,9.25,46.43,0,9.94,,o3,N/A,N/A
2025-05-06 04:00:00+00:00,jp,uaqi,Universal AQI,62,200.26,0.06,6.16,48.35,0,10.61,,o3,N/A,N/A
2025-05-06 05:00:00+00:00,jp,uaqi,Universal AQI,59,200.26,0.02,4.88,52.18,0,10.58,,o3,N/A,N/A
2025-05-06 06:00:00+00:00,jp,uaqi,Universal AQI,58,200.41,0.02,6.74,52.31,0.65,9.65,,o3,N/A,N/A
2025-05-06 07:00:00+00:00,jp,uaqi,Universal AQI,57,200.4,0.02,5.98,54.26,0.65,9.52,,o3,N/A,N/A
2025-05-06 08:00:00+00:00,jp,uaqi,Universal AQI,56,200.4,0,5.66,55,0.65,9.3,,o3,N/A,N/A
2025-05-06 09:00:00+00:00,jp,uaqi,Universal AQI,56,200.41,0,5.7,55.83,0.65,9.2,,o3,N/A,N/A
2025-05-06 10:00:00+00:00,jp,uaqi,Universal AQI,57,200.41,0.04,5.93,54.56,0.65,7.76,,o3,N/A,N/A
2025-05-06 11:00:00+00:00,jp,uaqi,Universal AQI,63,200.25,0.91,15.56,47.17,0.65,9.67,,o3,N/A,N/A
2025-05-06 12:00:00+00:00,jp,uaqi,Universal AQI,65,216.22,0.04,18.39,44.49,0.65,10.23,,o3,N/A,N/A
2025-05-06 13:00:00+00:00,jp,uaqi,Universal AQI,66,200.72,0.02,18.52,43.19,0.65,11.17,,o3,N/A,N/A
2025-05-06 14:00:00+00:00,jp,uaqi,Universal AQI,72,217.6,0.02,20.11,35.58,0.65,12.27,,o3,N/A,N/A
2025-05-06 15:00:00+00:00,jp,uaqi,Universal AQI,61,217.29,0,8.43,48.58,0.65,9.43,,o3,N/A,N/A
2025-05-06 16:00:00+00:00,jp,uaqi,Universal AQI,60,233.26,0,5.14,50.47,0.65,10.31,,o3,N/A,N/A
2025-05-06 17:00:00+00:00,jp,uaqi,Universal AQI,60,217.48,0,4.14,50.11,0.65,9.51,,o3,N/A,N/A
2025-05-06 18:00:00+00:00,jp,uaqi,Universal AQI,66,217.41,0,5.18,43.25,0.65,11.58,,o3,N/A,N/A
2025-05-06 19:00:00+00:00,jp,uaqi,Universal AQI,62,200.46,0,3.14,47.86,0.65,6.93,,o3,N/A,N/A
2025-05-06 20:00:00+00:00,jp,uaqi,Universal AQI,59,118.64,0,2.76,51.05,0.01,8.08,,o3,N/A,N/A
2025-05-06 21:00:00+00:00,jp,uaqi,Universal AQI,59,118.33,0,3.44,51.05,0,9.47,,o3,N/A,N/A
2025-05-06 22:00:00+00:00,jp,uaqi,Universal AQI,59,118.47,0,4.94,52.08,0,13,,o3,N/A,N/A
2025-05-06 23:00:00+00:00,jp,uaqi,Universal AQI,63,200.16,0,8.18,46.58,0,12.26,,o3,N/A,N/A
2025-05-07 00:00:00+00:00,jp,uaqi,Universal AQI,64,200.18,0.04,10.2,45.26,0,9.68,,o3,N/A,N/A
2025-05-07 01:00:00+00:00,jp,uaqi,Universal AQI,62,200.18,0.04,10.28,47.31,0,12.16,,o3,N/A,N/A
2025-05-07 02:00:00+00:00,jp,uaqi,Universal AQI,61,200.96,0.08,8.65,49.16,0,14.25,,o3,N/A,N/A
2025-05-07 03:00:00+00:00,jp,uaqi,Universal AQI,59,200.25,0.04,6.62,51.15,0,12.03,,o3,N/A,N/A
2025-05-07 04:00:00+00:00,jp,uaqi,Universal AQI,58,200.25,0.33,5.12,53.16,0.01,12.97,,o3,N/A,N/A
2025-05-07 05:00:00+00:00,jp,uaqi,Universal AQI,57,200.25,0.7,5.14,54.07,0,13.72,,o3,N/A,N/A
2025-05-07 06:00:00+00:00,jp,uaqi,Universal AQI,58,199.34,0.11,4.76,53.32,0.01,16.46,,o3,N/A,N/A
2025-05-07 07:00:00+00:00,jp,uaqi,Universal AQI,57,199.3,0.2,3.89,54.27,0,16.53,,o3,N/A,N/A
2025-05-07 08:00:00+00:00,jp,uaqi,Universal AQI,57,199.29,0.63,4.41,53.97,0.65,14.06,,o3,N/A,N/A
2025-05-07 09:00:00+00:00,jp,uaqi,Universal AQI,57,199.29,0.37,4.23,54.07,0.65,15.64,,o3,N/A,N/A
2025-05-07 10:00:00+00:00,jp,uaqi,Universal AQI,57,199.29,1.7,10.29,53.95,0.65,17.16,,o3,N/A,N/A
2025-05-07 11:00:00+00:00,jp,uaqi,Universal AQI,55,199.3,1.75,13.91,56.19,0.65,15.25,,o3,N/A,N/A
2025-05-07 12:00:00+00:00,jp,uaqi,Universal AQI,59,200.04,0.08,10.46,51.26,0.65,14.33,,o3,N/A,N/A
2025-05-07 13:00:00+00:00,jp,uaqi,Universal AQI,59,200.17,0,6.38,51.26,0.01,13.51,,o3,N/A,N/A
2025-05-07 14:00:00+00:00,jp,N/A,N/A,N/A,N/A,N/A,N/A,N/A,N/A,N/A,N/A,N/A,N/A,N/A
2025-05-07 15:00:00+00:00,jp,uaqi,Universal AQI,60,200.41,0,9.74,50.11,0.01,14.03,,o3,N/A,N/A
2025-05-07 16:00:00+00:00,jp,uaqi,Universal AQI,62,200.17,0,8.97,47.48,0.01,13.97,,o3,N/A,N/A
2025-05-07 17:00:00+00:00,jp,uaqi,Universal AQI,61,200.17,0,8.14,49.27,0.01,14.14,,o3,N/A,N/A
2025-05-07 18:00:00+00:00,jp,uaqi,Universal AQI,60,200.17,0,5.37,50.12,0.01,13.24,,o3,N/A,N/A
2025-05-07 19:00:00+00:00,jp,uaqi,Universal AQI,62,199.47,0,4.99,48.28,0.01,11.71,,o3,N/A,N/A
2025-05-07 20:00:00+00:00,jp,uaqi,Universal AQI,75,199.55,0.04,15.37,31.7,0.01,15.01,,o3,N/A,N/A
2025-05-07 21:00:00+00:00,jp,uaqi,Universal AQI,80,199.55,0.04,20.08,25.29,0,13.22,,o3,N/A,N/A
2025-05-07 22:00:00+00:00,jp,uaqi,Universal AQI,82,199.47,0.08,20.23,22.88,0,13.16,,o3,N/A,N/A
2025-05-07 23:00:00+00:00,jp,uaqi,Universal AQI,85,199.47,0.16,19.82,19.84,0,7.94,,o3,N/A,N/A
2025-05-08 00:00:00+00:00,jp,uaqi,Universal AQI,71,200.18,4.67,38.49,9.66,0,15.03,,no2,N/A,N/A
2025-05-08 01:00:00+00:00,jp,uaqi,Universal AQI,72,380.43,11.21,36.22,15.63,0.01,13.51,,no2,N/A,N/A
2025-05-08 02:00:00+00:00,jp,uaqi,Universal AQI,78,218.91,5.7,24.65,28.52,0.35,15.21,,o3,N/A,N/A
2025-05-08 03:00:00+00:00,jp,uaqi,Universal AQI,72,217.06,4.74,18.96,35.92,0.35,15.69,,o3,N/A,N/A
2025-05-08 04:00:00+00:00,jp,uaqi,Universal AQI,71,216.91,7.79,20.14,36.3,0.65,17.77,,o3,N/A,N/A
2025-05-08 05:00:00+00:00,jp,uaqi,Universal AQI,61,216.91,4.12,11.94,49,0.65,18.02,,o3,N/A,N/A
2025-05-08 06:00:00+00:00,jp,uaqi,Universal AQI,61,199.54,5.12,14.18,49.1,0.66,19.32,,o3,N/A,N/A
2025-05-08 07:00:00+00:00,jp,uaqi,Universal AQI,56,216.19,2.01,12.73,55.05,0.01,17.27,,o3,N/A,N/A
2025-05-08 08:00:00+00:00,jp,uaqi,Universal AQI,53,216.1,3,13.58,59.27,0.66,15.78,,o3,N/A,N/A
2025-05-08 09:00:00+00:00,jp,uaqi,Universal AQI,56,199.9,3.05,19.82,55.53,1.65,15.1,,o3,N/A,N/A
2025-05-08 10:00:00+00:00,jp,uaqi,Universal AQI,55,200.81,1.84,21.9,56.26,1.65,15.95,,o3,N/A,N/A
2025-05-08 11:00:00+00:00,jp,uaqi,Universal AQI,49,200.5,0.19,8.23,64.51,1,10.81,,o3,N/A,N/A
2025-05-08 12:00:00+00:00,jp,uaqi,Universal AQI,53,200.89,0.06,14.43,59.56,1,10.33,,o3,N/A,N/A
2025-05-08 13:00:00+00:00,jp,uaqi,Universal AQI,59,217.97,0.02,23.33,51.67,0.66,14.12,,o3,N/A,N/A
2025-05-08 14:00:00+00:00,jp,uaqi,Universal AQI,61,218.65,0.02,20.44,48.66,0.66,14.3,,o3,N/A,N/A
2025-05-08 15:00:00+00:00,jp,uaqi,Universal AQI,60,121.71,0,18.04,49.91,0.01,16.56,,o3,N/A,N/A
2025-05-08 16:00:00+00:00,jp,uaqi,Universal AQI,60,121.72,0.02,9.28,49.91,0.01,15.65,,o3,N/A,N/A
2025-05-08 17:00:00+00:00,jp,uaqi,Universal AQI,63,200.64,0.14,20.59,46.92,0.66,14.75,,o3,N/A,N/A
2025-05-08 18:00:00+00:00,jp,uaqi,Universal AQI,61,199.73,0,17.56,48.58,1,14.71,,o3,N/A,N/A
2025-05-08 19:00:00+00:00,jp,uaqi,Universal AQI,73,298.33,0,24.18,33.84,1,16.68,,o3,N/A,N/A
2025-05-08 20:00:00+00:00,jp,uaqi,Universal AQI,78,299.53,0.02,24.55,26.38,1,15.79,,pm25,N/A,N/A
2025-05-08 21:00:00+00:00,jp,uaqi,Universal AQI,81,218.75,0.08,19.68,23.79,1,13.11,,o3,N/A,N/A
2025-05-08 22:00:00+00:00,jp,uaqi,Universal AQI,79,217.93,0.06,27.66,19.85,1,19.33,,no2,N/A,N/A
2025-05-08 23:00:00+00:00,jp,uaqi,Universal AQI,81,217.83,0.18,25.48,24.37,1,19.4,,no2,N/A,N/A
2025-05-09 00:00:00+00:00,jp,uaqi,Universal AQI,67,282.17,6.42,43.82,6.52,1,19.45,,no2,N/A,N/A
2025-05-09 01:00:00+00:00,jp,uaqi,Universal AQI,74,381.02,3.05,34.01,17.72,1,18.66,,no2,N/A,N/A
2025-05-09 02:00:00+00:00,jp,uaqi,Universal AQI,75,300.69,3.37,28.18,24.56,0.65,19.68,,pm25,N/A,N/A
2025-05-09 03:00:00+00:00,jp,uaqi,Universal AQI,74,299.95,5.87,27.79,24.38,1,24.21,,pm25,N/A,N/A
2025-05-09 04:00:00+00:00,jp,uaqi,Universal AQI,71,300.02,30.81,12.44,10.64,1,21.65,,pm25,N/A,N/A
2025-05-09 05:00:00+00:00,jp,uaqi,Universal AQI,69,316.72,18.16,40.74,15.04,1.35,15.9,,no2,N/A,N/A
2025-05-09 06:00:00+00:00,jp,uaqi,Universal AQI,65,316.77,9.41,35.57,25.75,1.01,38.53,,pm10,N/A,N/A
2025-05-09 07:00:00+00:00,jp,uaqi,Universal AQI,70,299.79,5.5,33.69,31.85,1.01,30.09,,pm25,N/A,N/A
2025-05-09 08:00:00+00:00,jp,uaqi,Universal AQI,73,284.47,4.64,33.81,34,1.01,29.96,,o3,N/A,N/A
2025-05-09 09:00:00+00:00,jp,uaqi,Universal AQI,72,202.64,3.24,27.41,35.59,0.65,23.62,,o3,N/A,N/A
2025-05-09 10:00:00+00:00,jp,uaqi,Universal AQI,67,218.03,0.14,14.96,41.17,0.66,23.37,,o3,N/A,N/A
2025-05-09 11:00:00+00:00,jp,uaqi,Universal AQI,68,218.86,0.16,17.52,40.04,0.65,22.66,,o3,N/A,N/A
2025-05-09 12:00:00+00:00,jp,uaqi,Universal AQI,74,299.27,0.16,25.68,32.69,0.01,23.12,,o3,N/A,N/A
2025-05-09 13:00:00+00:00,jp,uaqi,Universal AQI,67,218.29,2.13,43.85,15,0.01,29.57,,no2,N/A,N/A
2025-05-09 14:00:00+00:00,jp,uaqi,Universal AQI,71,218.19,1.07,37.58,16.99,0.01,24.82,,no2,N/A,N/A
2025-05-09 15:00:00+00:00,jp,uaqi,Universal AQI,73,218.28,0.08,15.53,33.76,0.01,18.97,,o3,N/A,N/A
2025-05-09 16:00:00+00:00,jp,uaqi,Universal AQI,71,220.56,0.08,10.57,36.6,0.01,15.61,,o3,N/A,N/A
2025-05-09 17:00:00+00:00,jp,uaqi,Universal AQI,66,200.34,0,10.07,42.51,0.01,16.87,,o3,N/A,N/A
2025-05-09 18:00:00+00:00,jp,uaqi,Universal AQI,65,200.26,0,8.91,44.49,0.01,12.04,,o3,N/A,N/A
2025-05-09 19:00:00+00:00,jp,uaqi,Universal AQI,65,199.34,0,22.6,44.44,0.01,13.46,,o3,N/A,N/A
2025-05-09 20:00:00+00:00,jp,uaqi,Universal AQI,63,199.2,0,5.39,46.42,0,6.37,,o3,N/A,N/A
2025-05-09 21:00:00+00:00,jp,uaqi,Universal AQI,68,200.09,0,4.62,40.22,0,9.75,,o3,N/A,N/A
2025-05-09 22:00:00+00:00,jp,uaqi,Universal AQI,71,199.26,0.04,6.82,37.19,0,9.48,,o3,N/A,N/A
2025-05-09 23:00:00+00:00,jp,uaqi,Universal AQI,69,200.1,0,9.31,39.33,0,7.84,,o3,N/A,N/A
2025-05-10 00:00:00+00:00,jp,uaqi,Universal AQI,71,200.14,0.04,11.41,36.24,0.01,9.33,,o3,N/A,N/A
2025-05-10 01:00:00+00:00,jp,uaqi,Universal AQI,76,217.07,0.14,15.88,29.87,0,8.87,,o3,N/A,N/A
2025-05-10 02:00:00+00:00,jp,uaqi,Universal AQI,78,298.53,1.3,20.8,27.56,0.01,10.26,,o3,N/A,N/A
2025-05-10 03:00:00+00:00,jp,uaqi,Universal AQI,81,298.68,3.66,19.42,24.47,1,12.99,,o3,N/A,N/A
2025-05-10 04:00:00+00:00,jp,uaqi,Universal AQI,77,216.76,2.24,15.55,28.88,1,17.56,,o3,N/A,N/A
2025-05-10 05:00:00+00:00,jp,uaqi,Universal AQI,71,216.52,0.99,9.99,36.68,0.01,32.64,,pm10,N/A,N/A
2025-05-10 06:00:00+00:00,jp,uaqi,Universal AQI,66,216.15,0.21,6.48,43,0.01,19.85,,o3,N/A,N/A
2025-05-10 07:00:00+00:00,jp,uaqi,Universal AQI,69,199.5,1.1,9.9,39.34,0.65,14.68,,o3,N/A,N/A
2025-05-10 08:00:00+00:00,jp,uaqi,Universal AQI,66,216.24,1.04,8.05,42.48,0.66,18.34,,o3,N/A,N/A
2025-05-10 09:00:00+00:00,jp,uaqi,Universal AQI,68,216.64,0.97,9.22,40.56,0.66,17.39,,o3,N/A,N/A
2025-05-10 10:00:00+00:00,jp,uaqi,Universal AQI,54,298.95,0.02,5.61,58.37,1,19.26,,o3,N/A,N/A
2025-05-10 11:00:00+00:00,jp,uaqi,Universal AQI,51,217.71,0.17,6.62,61.06,0.66,21.16,,o3,N/A,N/A
2025-05-10 12:00:00+00:00,jp,uaqi,Universal AQI,52,217.79,0.93,6,60.26,1,20.74,,o3,N/A,N/A
2025-05-10 13:00:00+00:00,jp,uaqi,Universal AQI,50,217.22,0,3.85,62.39,0.65,23.82,,o3,N/A,N/A
2025-05-10 14:00:00+00:00,jp,uaqi,Universal AQI,53,216.69,0,6.86,59.06,0.65,23.76,,o3,N/A,N/A
2025-05-10 15:00:00+00:00,jp,uaqi,Universal AQI,53,217.98,0,5.57,59.43,0.65,25.9,,o3,N/A,N/A
2025-05-10 16:00:00+00:00,jp,uaqi,Universal AQI,52,217.77,0,2.69,60.42,0.66,19.13,,o3,N/A,N/A
2025-05-10 17:00:00+00:00,jp,uaqi,Universal AQI,54,217.55,0,5.49,57.46,1,27.85,,o3,N/A,N/A
2025-05-10 18:00:00+00:00,jp,uaqi,Universal AQI,57,217.44,0,7.8,54.19,0.65,25.34,,o3,N/A,N/A
2025-05-10 19:00:00+00:00,jp,uaqi,Universal AQI,56,217.72,0,5.14,55.43,1,21.78,,o3,N/A,N/A
2025-05-10 20:00:00+00:00,jp,uaqi,Universal AQI,57,217.63,0,3.2,53.54,0.35,19.86,,o3,N/A,N/A
2025-05-10 21:00:00+00:00,jp,uaqi,Universal AQI,57,217.14,0,3.43,54.2,0.35,13.65,,o3,N/A,N/A
2025-05-10 22:00:00+00:00,jp,uaqi,Universal AQI,58,233.8,0,5.15,52.35,0.01,14.4,,o3,N/A,N/A
2025-05-10 23:00:00+00:00,jp,uaqi,Universal AQI,59,217.15,0,4.73,51.44,0.01,10.71,,o3,N/A,N/A
2025-05-11 00:00:00+00:00,jp,uaqi,Universal AQI,63,217.45,0.04,6.75,46.18,0.35,11.91,,o3,N/A,N/A
2025-05-11 01:00:00+00:00,jp,uaqi,Universal AQI,64,218.4,0.02,8.11,45.75,0.35,11.77,,o3,N/A,N/A
2025-05-11 02:00:00+00:00,jp,uaqi,Universal AQI,61,218.1,0.06,6.96,48.6,1.04,12.95,,o3,N/A,N/A
2025-05-11 03:00:00+00:00,jp,uaqi,Universal AQI,58,234.28,0.13,6.38,53.11,1.35,14.75,,o3,N/A,N/A
2025-05-11 04:00:00+00:00,jp,uaqi,Universal AQI,56,234.31,0.13,6.62,55.29,1.01,18.14,,o3,N/A,N/A
2025-05-11 05:00:00+00:00,jp,uaqi,Universal AQI,54,217.83,0.06,4.34,57.56,0.66,9.92,,o3,N/A,N/A
2025-05-11 06:00:00+00:00,jp,uaqi,Universal AQI,50,299.07,0.02,4.64,62.85,1.31,13.33,,o3,N/A,N/A
2025-05-11 07:00:00+00:00,jp,uaqi,Universal AQI,50,300.95,0.02,6.42,62.88,1.66,14.98,,o3,N/A,N/A
2025-05-11 08:00:00+00:00,jp,uaqi,Universal AQI,51,299.48,0.02,5.74,61.88,1,16.06,,o3,N/A,N/A
2025-05-11 09:00:00+00:00,jp,uaqi,Universal AQI,53,299.57,0.02,6.77,59.56,0.66,13.5,,o3,N/A,N/A
2025-05-11 10:00:00+00:00,jp,uaqi,Universal AQI,52,332.73,0.02,9.53,60.08,1.01,14.31,,o3,N/A,N/A
2025-05-11 11:00:00+00:00,jp,uaqi,Universal AQI,54,349.96,0,10.17,57.49,1.02,13.77,,o3,N/A,N/A
2025-05-11 12:00:00+00:00,jp,uaqi,Universal AQI,58,317.13,0,14.68,53.03,1,12.65,,o3,N/A,N/A
2025-05-11 13:00:00+00:00,jp,uaqi,Universal AQI,63,317.03,0,15.92,47.05,1,14.88,,o3,N/A,N/A
2025-05-11 14:00:00+00:00,jp,uaqi,Universal AQI,60,316.73,0,10.31,50.35,0.66,17.67,,o3,N/A,N/A
2025-05-11 15:00:00+00:00,jp,uaqi,Universal AQI,59,316.22,0,7.27,51.2,0.65,14.1,,o3,N/A,N/A
2025-05-11 16:00:00+00:00,jp,uaqi,Universal AQI,59,316.22,0,4.8,51.2,0.65,18.6,,o3,N/A,N/A
2025-05-11 17:00:00+00:00,jp,uaqi,Universal AQI,62,399.88,0,7.99,48.42,0.66,18.88,,o3,N/A,N/A
2025-05-11 18:00:00+00:00,jp,uaqi,Universal AQI,62,317.56,0,7.82,47.66,0.65,21.27,,o3,N/A,N/A
2025-05-11 19:00:00+00:00,jp,uaqi,Universal AQI,57,218.13,0,5.65,54.41,0.01,14.66,,o3,N/A,N/A
2025-05-11 20:00:00+00:00,jp,uaqi,Universal AQI,59,218.03,0,5.64,51.27,0.01,16.61,,o3,N/A,N/A
2025-05-11 21:00:00+00:00,jp,uaqi,Universal AQI,60,218.52,0,5.79,50.29,0.01,16.52,,o3,N/A,N/A
2025-05-11 22:00:00+00:00,jp,uaqi,Universal AQI,63,218.14,0.02,8.15,46.47,0.01,15.62,,o3,N/A,N/A
2025-05-11 23:00:00+00:00,jp,uaqi,Universal AQI,66,217.88,0.1,5.86,43.51,0,13.06,,o3,N/A,N/A
2025-05-12 00:00:00+00:00,jp,uaqi,Universal AQI,68,300.53,0.24,14.99,40.81,0.01,17.7,,o3,N/A,N/A
2025-05-12 01:00:00+00:00,jp,uaqi,Universal AQI,70,401.21,0.26,16.41,37.59,0.66,18.4,,o3,N/A,N/A
2025-05-12 02:00:00+00:00,jp,uaqi,Universal AQI,69,497.45,1.22,15.02,35.5,2,29.63,,pm25,N/A,N/A
2025-05-12 03:00:00+00:00,jp,uaqi,Universal AQI,67,317.08,1.08,12.89,41.14,1.69,24.79,,o3,N/A,N/A
2025-05-12 04:00:00+00:00,jp,uaqi,Universal AQI,64,316.53,1.06,9.91,45.69,1.35,23.78,,o3,N/A,N/A
2025-05-12 05:00:00+00:00,jp,uaqi,Universal AQI,62,334.56,1.56,6.49,47.97,1.65,20.38,,o3,N/A,N/A
2025-05-12 06:00:00+00:00,jp,uaqi,Universal AQI,59,334.49,1.52,8.8,51.23,2,25.86,,o3,N/A,N/A
2025-05-12 07:00:00+00:00,jp,uaqi,Universal AQI,56,318.13,1.78,10.84,55.01,2,28.69,,o3,N/A,N/A
2025-05-12 08:00:00+00:00,jp,uaqi,Universal AQI,50,317.42,0.48,9.42,62.99,2,32.41,,o3,N/A,N/A
2025-05-12 09:00:00+00:00,jp,uaqi,Universal AQI,44,316.62,0.3,9.6,70.25,2,31.46,,o3,N/A,N/A
2025-05-12 10:00:00+00:00,jp,uaqi,Universal AQI,44,316.62,0,17.22,70.25,2,31.56,,o3,N/A,N/A
2025-05-12 11:00:00+00:00,jp,uaqi,Universal AQI,58,319.62,3.21,29.49,52.99,2,29.02,,o3,N/A,N/A
2025-05-12 12:00:00+00:00,jp,uaqi,Universal AQI,52,318.59,0.23,22.69,60.55,1.66,30.15,,o3,N/A,N/A
2025-05-12 13:00:00+00:00,jp,uaqi,Universal AQI,62,334.94,1.18,39.23,41.09,2,29.21,,pm25,N/A,N/A
2025-05-12 14:00:00+00:00,jp,uaqi,Universal AQI,61,318.12,0.06,25.79,49.32,1.35,28.37,,o3,N/A,N/A
2025-05-12 15:00:00+00:00,jp,uaqi,Universal AQI,66,318.71,0.04,28.73,40.29,1.01,27.26,,pm25,N/A,N/A
2025-05-12 16:00:00+00:00,jp,uaqi,Universal AQI,64,318.7,0.04,33.83,31.11,1,25.67,,pm25,N/A,N/A
2025-05-12 17:00:00+00:00,jp,uaqi,Universal AQI,72,318.82,0.08,25.87,30.37,1,20.45,,pm25,N/A,N/A
2025-05-12 18:00:00+00:00,jp,uaqi,Universal AQI,72,220.51,0,28.26,19.23,0.66,21.97,,pm25,N/A,N/A
2025-05-12 19:00:00+00:00,jp,uaqi,Universal AQI,71,334.84,0.04,25.83,18.15,0.66,21.91,,pm25,N/A,N/A
2025-05-12 20:00:00+00:00,jp,uaqi,Universal AQI,73,335.66,0.04,22.56,21.63,0.01,19.88,,pm25,N/A,N/A
2025-05-12 21:00:00+00:00,jp,uaqi,Universal AQI,73,335.62,0.12,24.19,18.72,0.01,20.83,,pm25,N/A,N/A
2025-05-12 22:00:00+00:00,jp,uaqi,Universal AQI,72,318.79,0.08,25.92,15.03,0.35,22.34,,pm25,N/A,N/A
2025-05-12 23:00:00+00:00,jp,uaqi,Universal AQI,71,318.82,0.2,28.38,13.44,0,24.16,,pm25,N/A,N/A
2025-05-13 00:00:00+00:00,jp,uaqi,Universal AQI,68,400.59,4.14,30.47,8.23,0.01,25.18,,pm25,N/A,N/A
2025-05-13 01:00:00+00:00,jp,uaqi,Universal AQI,69,400.74,10.1,30.17,11.78,0.35,27.34,,pm25,N/A,N/A
2025-05-13 02:00:00+00:00,jp,uaqi,Universal AQI,65,318.14,9.5,30.02,21.59,1.65,28.07,,pm25,N/A,N/A
2025-05-13 03:00:00+00:00,jp,uaqi,Universal AQI,59,399.55,13.48,29.01,22.93,2,34.31,,pm25,N/A,N/A
2025-05-13 04:00:00+00:00,jp,uaqi,Universal AQI,59,318.7,10.26,26.1,34.76,2.01,34.87,,pm25,N/A,N/A
2025-05-13 05:00:00+00:00,jp,uaqi,Universal AQI,58,318.66,8.52,23.39,52.59,3,32.29,,o3,N/A,N/A
2025-05-13 06:00:00+00:00,jp,uaqi,Universal AQI,41,382.54,0.74,13.82,74.29,2.31,28.22,,o3,N/A,N/A
2025-05-13 07:00:00+00:00,jp,uaqi,Universal AQI,39,627.38,1.21,15.19,76.61,3.95,31.17,,o3,N/A,N/A
2025-05-13 08:00:00+00:00,jp,uaqi,Universal AQI,36,484.24,0.45,14.19,82.98,3.65,33.54,,o3,N/A,N/A
2025-05-13 09:00:00+00:00,jp,uaqi,Universal AQI,37,400.61,1.31,20.48,82.21,2.99,31.62,,o3,N/A,N/A
2025-05-13 10:00:00+00:00,jp,uaqi,Universal AQI,33,333.9,0.21,14.72,91.94,2.35,29.73,,o3,N/A,N/A
2025-05-13 11:00:00+00:00,jp,uaqi,Universal AQI,38,236.38,0.13,21.09,78.35,1.35,27.73,,o3,N/A,N/A
2025-05-13 12:00:00+00:00,jp,uaqi,Universal AQI,46,235.63,0.04,21.97,67.35,1.35,23.8,,o3,N/A,N/A
2025-05-13 13:00:00+00:00,jp,uaqi,Universal AQI,58,319.69,0.75,39.14,52.65,2.99,26.03,,o3,N/A,N/A
2025-05-13 14:00:00+00:00,jp,uaqi,Universal AQI,49,320.21,1.05,27.25,64.46,3.3,26.86,,o3,N/A,N/A
2025-05-13 15:00:00+00:00,jp,uaqi,Universal AQI,45,319.48,0.04,18.25,69.4,1.01,31.64,,o3,N/A,N/A
2025-05-13 16:00:00+00:00,jp,uaqi,Universal AQI,43,301.85,0,12.46,71.19,1,28,,o3,N/A,N/A
2025-05-13 17:00:00+00:00,jp,uaqi,Universal AQI,40,219.41,0.08,8.08,75.15,1,28.85,,o3,N/A,N/A
2025-05-13 18:00:00+00:00,jp,uaqi,Universal AQI,45,300.31,0,6.57,69.27,1,21.74,,o3,N/A,N/A
2025-05-13 19:00:00+00:00,jp,uaqi,Universal AQI,45,219.08,0.07,24.37,68.98,1,29.45,,o3,N/A,N/A
2025-05-13 20:00:00+00:00,jp,uaqi,Universal AQI,56,219.08,0,13.04,54.94,0.65,29.25,,o3,N/A,N/A
2025-05-13 21:00:00+00:00,jp,uaqi,Universal AQI,66,219.08,0,15.08,42.72,0.65,23.93,,pm25,N/A,N/A
2025-05-13 22:00:00+00:00,jp,uaqi,Universal AQI,70,219.15,0.04,11.85,37.99,0.65,21.98,,o3,N/A,N/A
2025-05-13 23:00:00+00:00,jp,uaqi,Universal AQI,74,300.23,0.12,20.91,27.48,0.01,21.97,,pm25,N/A,N/A
2025-05-14 00:00:00+00:00,jp,uaqi,Universal AQI,68,300.23,2.12,40.2,17.78,0.01,27.1,,pm25,N/A,N/A
2025-05-14 01:00:00+00:00,jp,uaqi,Universal AQI,74,382.9,4.93,33.28,20.4,1,22.16,,pm25,N/A,N/A
2025-05-14 02:00:00+00:00,jp,uaqi,Universal AQI,66,317.62,5.26,36.92,33.27,1.35,28.61,,pm25,N/A,N/A
2025-05-14 03:00:00+00:00,jp,uaqi,Universal AQI,60,317.13,10.25,34.49,34.24,2.65,32.54,,pm25,N/A,N/A
2025-05-14 04:00:00+00:00,jp,uaqi,Universal AQI,57,317.17,13.69,33.02,42.34,2.65,36.08,,pm25,N/A,N/A
2025-05-14 05:00:00+00:00,jp,uaqi,Universal AQI,56,317.1,12.55,34.77,43.75,2.65,35.4,,pm25,N/A,N/A
2025-05-14 06:00:00+00:00,jp,uaqi,Universal AQI,50,300.38,7.47,24,63.32,2,28.04,,o3,N/A,N/A
2025-05-14 07:00:00+00:00,jp,uaqi,Universal AQI,38,218.41,2.32,9.4,78.39,1.65,24.29,,o3,N/A,N/A
2025-05-14 08:00:00+00:00,jp,uaqi,Universal AQI,39,218.35,1.41,11.78,77.81,1.66,26.47,,o3,N/A,N/A
2025-05-14 09:00:00+00:00,jp,uaqi,Universal AQI,44,218.29,1.23,16.27,70.66,1.01,26.01,,o3,N/A,N/A
2025-05-14 10:00:00+00:00,jp,uaqi,Universal AQI,43,218.38,1.54,10.09,71.76,1.01,20,,o3,N/A,N/A
2025-05-14 11:00:00+00:00,jp,uaqi,Universal AQI,46,218.53,0.31,15.28,67.95,1.01,24.23,,o3,N/A,N/A
2025-05-14 12:00:00+00:00,jp,uaqi,Universal AQI,51,219.32,0.21,18.31,62.17,1.65,22.51,,o3,N/A,N/A
2025-05-14 13:00:00+00:00,jp,uaqi,Universal AQI,52,218.65,0.14,17.74,60.61,0.66,24.06,,o3,N/A,N/A
2025-05-14 14:00:00+00:00,jp,uaqi,Universal AQI,53,218.53,0.06,16.23,59.2,0.66,24.9,,o3,N/A,N/A
2025-05-14 15:00:00+00:00,jp,uaqi,Universal AQI,55,218.33,0.02,15.6,56.21,1,26.9,,o3,N/A,N/A
2025-05-14 16:00:00+00:00,jp,uaqi,Universal AQI,57,218.32,0.02,14.13,53.71,1,24.87,,o3,N/A,N/A
2025-05-14 17:00:00+00:00,jp,uaqi,Universal AQI,66,217.62,0,16.48,43.46,1,22.58,,o3,N/A,N/A
2025-05-14 18:00:00+00:00,jp,uaqi,Universal AQI,72,218.32,0,20.78,35.09,1,18.06,,o3,N/A,N/A
