dateTime,regionCode,aqi_code,aqi_displayName,aqi_value,co_concentration,no_concentration,no2_concentration,o3_concentration,so2_concentration,pm10_concentration
2025-04-05T23:00:00Z,jp,uaqi,Universal AQI,71,217.06,0,15.01,36.29,1,16.9
2025-04-05T22:00:00Z,jp,uaqi,Universal AQI,72,217.24,0,16.28,35.26,1,17.5
2025-04-05T21:00:00Z,jp,uaqi,Universal AQI,72,217.48,0,14.55,35.93,1,17.73
2025-04-05T20:00:00Z,jp,uaqi,Universal AQI,74,298.51,0,19.07,32.71,1,21.53
2025-04-05T19:00:00Z,jp,uaqi,Universal AQI,68,298.4,0,13.64,40.78,1,16.11
2025-04-05T18:00:00Z,jp,uaqi,Universal AQI,65,217.19,0.08,14.28,43.73,1,16.9
2025-04-05T17:00:00Z,jp,uaqi,Universal AQI,69,298.77,0,16.85,38.88,1,19.89
2025-04-05T16:00:00Z,jp,uaqi,Universal AQI,72,299.38,0.04,22.41,35.84,1,19.95
2025-04-05T15:00:00Z,jp,uaqi,Universal AQI,65,299.24,0,16.59,44.45,1,19.17
2025-04-05T14:00:00Z,jp,uaqi,Universal AQI,67,217.76,0.06,19.8,42.06,1.01,16.5
2025-04-05T13:00:00Z,jp,uaqi,Universal AQI,63,299.44,0.02,18.03,46.44,1.01,17.62
2025-04-05T12:00:00Z,jp,uaqi,Universal AQI,58,218.45,0.02,12.23,52.8,1,17.64
2025-04-05T11:00:00Z,jp,uaqi,Universal AQI,57,217.63,0.06,11.95,54.18,1,18.64
2025-04-05T10:00:00Z,jp,uaqi,Universal AQI,54,217.63,0.1,6.98,58,1,17.68
2025-04-05T09:00:00Z,jp,uaqi,Universal AQI,53,217.75,0.04,3.71,59.22,1,18.29
2025-04-05T08:00:00Z,jp,uaqi,Universal AQI,55,201.09,0.1,6.72,56.39,0.36,15.77
2025-04-05T07:00:00Z,jp,uaqi,Universal AQI,58,217.75,1.85,10.06,52.49,0.36,16.5
2025-04-05T06:00:00Z,jp,uaqi,Universal AQI,67,299.13,3.82,14.88,42.01,1.01,20.57
2025-04-05T05:00:00Z,jp,uaqi,Universal AQI,71,217.92,6.59,17.85,37.19,1,17.38
2025-04-05T04:00:00Z,jp,uaqi,Universal AQI,69,218.43,3.87,16.16,38.7,1,20.05
2025-04-05T03:00:00Z,jp,uaqi,Universal AQI,68,300.84,1.99,12.97,40.21,1,20.87
2025-04-05T02:00:00Z,jp,uaqi,Universal AQI,72,300.14,1.33,16.56,35.42,0.35,16.4
2025-04-05T01:00:00Z,jp,uaqi,Universal AQI,79,364.37,2.1,28.18,18.86,0,18.68
2025-04-05T00:00:00Z,jp,uaqi,Universal AQI,82,281.25,0.12,23.17,23.54,0,16.16
2025-04-04T23:00:00Z,jp,uaqi,Universal AQI,77,200.25,0.04,18.34,29.15,0,18.66
2025-04-06T23:00:00Z,jp,uaqi,Universal AQI,68,299.29,0.28,18.78,40.55,0,19.97
2025-04-06T22:00:00Z,jp,uaqi,Universal AQI,68,299.29,0.04,13.7,41.02,0.01,22.05
2025-04-06T21:00:00Z,jp,uaqi,Universal AQI,64,218.27,0,9.55,45.7,0.65,21.4
2025-04-06T20:00:00Z,jp,uaqi,Universal AQI,59,218.3,0,4.95,52.25,0.65,23.96
2025-04-06T19:00:00Z,jp,uaqi,Universal AQI,57,218.3,0,5.06,54.01,0.65,28
2025-04-06T18:00:00Z,jp,uaqi,Universal AQI,58,218.31,0,7.24,53.09,0.65,26.63
2025-04-06T17:00:00Z,jp,uaqi,Universal AQI,58,299.31,0.01,7.26,52.96,1,29.61
2025-04-06T16:00:00Z,jp,uaqi,Universal AQI,63,299.33,0,12.03,46.54,1,30.3
2025-04-06T15:00:00Z,jp,uaqi,Universal AQI,61,299.3,0,14.23,49.33,1,32.79
2025-04-06T14:00:00Z,jp,uaqi,Universal AQI,56,218.24,0,10.98,55.86,1,30.44
2025-04-06T13:00:00Z,jp,uaqi,Universal AQI,52,218.25,0,18.08,59.93,1.01,30.01
2025-04-06T12:00:00Z,jp,uaqi,Universal AQI,49,218.65,0.02,12.79,64.37,1.01,31.07
2025-04-06T11:00:00Z,jp,uaqi,Universal AQI,48,282.83,0.02,8.67,65.32,1.66,30.84
2025-04-06T10:00:00Z,jp,uaqi,Universal AQI,48,282.54,0.02,9.17,65.37,1.66,28.47
2025-04-06T09:00:00Z,jp,uaqi,Universal AQI,48,201.67,0.02,8.32,65.32,2,30.29
2025-04-06T08:00:00Z,jp,uaqi,Universal AQI,50,201.66,0.02,6.39,63.49,2,31.57
2025-04-06T07:00:00Z,jp,uaqi,Universal AQI,56,200.81,0.91,7.9,55.98,1.66,22.11
2025-04-06T06:00:00Z,jp,uaqi,Universal AQI,58,200.11,0.95,7.28,53.19,1.01,15.65
2025-04-06T05:00:00Z,jp,uaqi,Universal AQI,62,299.31,1.02,9.47,47.44,1.01,15.87
2025-04-06T04:00:00Z,jp,uaqi,Universal AQI,64,218.35,0.99,9.05,45.38,1,15.78
2025-04-06T03:00:00Z,jp,uaqi,Universal AQI,70,218.27,1.87,13.71,37.75,1.34,16.58
2025-04-06T02:00:00Z,jp,uaqi,Universal AQI,77,299.15,2.8,23.35,28.93,1.34,19.86
2025-04-06T01:00:00Z,jp,uaqi,Universal AQI,76,218.01,0.02,21.52,30.91,1,17.15
2025-04-06T00:00:00Z,jp,uaqi,Universal AQI,73,216.99,0,17.7,34.68,1,18.1
2025-04-05T23:00:00Z,jp,uaqi,Universal AQI,71,217.06,0,15.01,36.29,1,16.9
2025-04-07T23:00:00Z,jp,uaqi,Universal AQI,73,300.17,0.08,32.5,22.67,1,22.54
2025-04-07T22:00:00Z,jp,uaqi,Universal AQI,71,299.34,0.04,28.85,24.45,1,23.54
2025-04-07T21:00:00Z,jp,uaqi,Universal AQI,75,300.17,0.04,28.24,22.31,1,22.64
2025-04-07T20:00:00Z,jp,uaqi,Universal AQI,72,300.17,0,30.13,21.13,1,20.83
2025-04-07T19:00:00Z,jp,uaqi,Universal AQI,68,381.24,0.04,13.13,25.17,1,27.38
2025-04-07T18:00:00Z,jp,uaqi,Universal AQI,72,381.7,0.31,30.63,25.03,1.65,20.42
2025-04-07T17:00:00Z,jp,uaqi,Universal AQI,65,383.36,0.94,42.33,18.25,1,26.45
2025-04-07T16:00:00Z,jp,uaqi,Universal AQI,66,465.05,0.08,41.84,21.84,1.35,28.28
2025-04-07T15:00:00Z,jp,uaqi,Universal AQI,65,381.77,0.06,45.79,26.33,1.66,28.86
2025-04-07T14:00:00Z,jp,uaqi,Universal AQI,68,317.7,0.06,33.49,40.5,1.66,25.55
2025-04-07T13:00:00Z,jp,uaqi,Universal AQI,65,220.82,0.04,36.23,44.29,2.65,23.73
2025-04-07T12:00:00Z,jp,uaqi,Universal AQI,63,300.73,1.04,37.39,46.88,2,26.22
2025-04-07T11:00:00Z,jp,uaqi,Universal AQI,52,218.65,0.95,19.37,60.78,2,25.15
2025-04-07T10:00:00Z,jp,uaqi,Universal AQI,50,218.47,0.99,13.54,63.02,2,22.31
2025-04-07T09:00:00Z,jp,uaqi,Universal AQI,47,299.64,0.12,8.03,66.27,2,22.65
2025-04-07T08:00:00Z,jp,uaqi,Universal AQI,54,299.61,1.08,11.27,57.58,2.65,22.3
2025-04-07T07:00:00Z,jp,uaqi,Universal AQI,57,301.55,1.24,10.69,54.06,3,26.25
2025-04-07T06:00:00Z,jp,uaqi,Universal AQI,63,299.88,3.07,16.46,46.67,1.65,24.88
2025-04-07T05:00:00Z,jp,uaqi,Universal AQI,66,299.56,5.11,19.51,42.72,1.65,26.88
2025-04-07T04:00:00Z,jp,uaqi,Universal AQI,65,299.59,4.17,18.07,44.38,1.65,26.4
2025-04-07T03:00:00Z,jp,uaqi,Universal AQI,62,318.07,2.11,14.76,47.65,1,21.76
2025-04-07T02:00:00Z,jp,uaqi,Universal AQI,68,400.83,1.22,20.32,40.35,0.65,24.11
2025-04-07T01:00:00Z,jp,uaqi,Universal AQI,70,463.94,3.23,39.73,22.29,0.65,23.98
2025-04-07T00:00:00Z,jp,uaqi,Universal AQI,71,300.17,0.41,22.08,36.47,0,21.99
2025-04-06T23:00:00Z,jp,uaqi,Universal AQI,68,299.29,0.28,18.78,40.55,0,19.97
2025-04-08T23:00:00Z,jp,uaqi,Universal AQI,56,299.33,0,10.51,54.98,0.01,38.63
2025-04-08T22:00:00Z,jp,uaqi,Universal AQI,56,299.33,0,8.13,55.96,0.01,35.99
2025-04-08T21:00:00Z,jp,uaqi,Universal AQI,55,299.33,0,11.38,56.52,0.01,37.23
2025-04-08T20:00:00Z,jp,uaqi,Universal AQI,63,299.34,0,16.53,46.13,0.01,32.13
2025-04-08T19:00:00Z,jp,uaqi,Universal AQI,60,299.34,0.04,14.17,49.91,1,31.34
2025-04-08T18:00:00Z,jp,uaqi,Universal AQI,59,299.29,0,15.8,52.11,1,30.04
2025-04-08T17:00:00Z,jp,uaqi,Universal AQI,65,380.26,0.08,22.64,44.67,1,30.04
2025-04-08T16:00:00Z,jp,uaqi,Universal AQI,67,381.52,0,30.39,37.74,1,26.06
2025-04-08T15:00:00Z,jp,uaqi,Universal AQI,62,300.44,0,24.35,47.88,1.65,22.18
2025-04-08T14:00:00Z,jp,uaqi,Universal AQI,73,299.47,0.02,32.65,34.63,2.01,24.52
2025-04-08T13:00:00Z,jp,uaqi,Universal AQI,63,298.55,0.1,21.71,47.05,2.01,24.51
2025-04-08T12:00:00Z,jp,uaqi,Universal AQI,56,218.38,0.06,15.61,55.86,2.01,23.25
2025-04-08T11:00:00Z,jp,uaqi,Universal AQI,54,218.27,0.1,15.8,58.14,2.01,24.53
2025-04-08T10:00:00Z,jp,uaqi,Universal AQI,52,217.37,0.1,11.82,60.27,2.01,22.25
2025-04-08T09:00:00Z,jp,uaqi,Universal AQI,53,216.61,1.01,11.6,58.71,1.66,17.93
2025-04-08T08:00:00Z,jp,uaqi,Universal AQI,55,218.31,1.08,13.26,56.65,1.67,23.28
2025-04-08T07:00:00Z,jp,uaqi,Universal AQI,61,300.11,3.05,15.92,49.13,1.66,24.46
2025-04-08T06:00:00Z,jp,uaqi,Universal AQI,66,299.77,3.26,14.11,43.09,2,25.24
2025-04-08T05:00:00Z,jp,uaqi,Universal AQI,69,399.16,3.32,14.85,39.8,2,26.52
2025-04-08T04:00:00Z,jp,uaqi,Universal AQI,68,399.49,4.42,18.56,35.39,2.01,26.59
2025-04-08T03:00:00Z,jp,uaqi,Universal AQI,69,318.71,8.5,28.29,28.88,2,27.36
2025-04-08T02:00:00Z,jp,uaqi,Universal AQI,73,318.23,4.92,32.62,26.31,1.65,26.81
2025-04-08T01:00:00Z,jp,uaqi,Universal AQI,68,382.91,7.46,42.56,15.34,1,24.71
2025-04-08T00:00:00Z,jp,uaqi,Universal AQI,67,300.25,2.88,43.45,10.59,1,23.85
2025-04-07T23:00:00Z,jp,uaqi,Universal AQI,73,300.17,0.08,32.5,22.67,1,22.54
2025-04-09T23:00:00Z,jp,uaqi,Universal AQI,67,300.17,0.1,43.29,16.2,1.99,23.37
2025-04-09T22:00:00Z,jp,uaqi,Universal AQI,65,315.98,0.22,46.04,12.33,1.99,26.25
2025-04-09T21:00:00Z,jp,uaqi,Universal AQI,65,381.88,0.14,29.94,30.68,1.99,31.06
2025-04-09T20:00:00Z,jp,uaqi,Universal AQI,62,382.06,0,15.45,47.37,2,27.11
2025-04-09T19:00:00Z,jp,uaqi,Universal AQI,68,397.25,0.01,25.88,36.23,1,26.23
2025-04-09T18:00:00Z,jp,uaqi,Universal AQI,64,316.35,0.03,33.85,33.1,1,30.83
2025-04-09T17:00:00Z,jp,uaqi,Universal AQI,58,300.71,3.51,55.72,16.94,1.01,35.44
2025-04-09T16:00:00Z,jp,uaqi,Universal AQI,59,302.44,4.49,20.04,11.61,2.34,35.63
2025-04-09T15:00:00Z,jp,uaqi,Universal AQI,67,464.16,0.2,43.44,24.43,1.01,28.6
2025-04-09T14:00:00Z,jp,uaqi,Universal AQI,69,382.25,0.06,40.13,35.36,1.66,26.63
2025-04-09T13:00:00Z,jp,uaqi,Universal AQI,64,300.91,0.02,35.09,45.3,1.66,27.69
2025-04-09T12:00:00Z,jp,uaqi,Universal AQI,49,301.08,0.12,24.93,64.01,1.01,27.52
2025-04-09T11:00:00Z,jp,uaqi,Universal AQI,41,300.08,0.16,17.68,74.44,1,27.62
2025-04-09T10:00:00Z,jp,uaqi,Universal AQI,42,300.08,0.1,16.48,72.82,1,27.82
2025-04-09T09:00:00Z,jp,uaqi,Universal AQI,47,299.38,1.05,17.37,66.42,1,26.37
2025-04-09T08:00:00Z,jp,uaqi,Universal AQI,50,218.46,1.09,13.98,63.38,1,26.9
2025-04-09T07:00:00Z,jp,uaqi,Universal AQI,55,299.44,3.03,16.41,56.46,1,21.46
2025-04-09T06:00:00Z,jp,uaqi,Universal AQI,54,299.44,1.16,11.89,58.09,1,21.29
2025-04-09T05:00:00Z,jp,uaqi,Universal AQI,55,299.41,1.31,11.06,56.82,1,22.48
2025-04-09T04:00:00Z,jp,uaqi,Universal AQI,58,299.29,2.26,13.02,53.08,1,22.88
2025-04-09T03:00:00Z,jp,uaqi,Universal AQI,55,299.26,0.14,9.03,56.56,0.35,21.55
2025-04-09T02:00:00Z,jp,uaqi,Universal AQI,55,299.46,0.1,9.41,56.49,0.01,20.83
2025-04-09T01:00:00Z,jp,uaqi,Universal AQI,58,300.29,0.06,12.92,52.46,0.01,29.6
2025-04-09T00:00:00Z,jp,uaqi,Universal AQI,57,299.31,0.08,12,52.25,0.01,37.27
2025-04-08T23:00:00Z,jp,uaqi,Universal AQI,56,299.33,0,10.51,54.98,0.01,38.63
2025-04-10T23:00:00Z,jp,uaqi,Universal AQI,77,200.64,0.12,25.68,20.27,0.35,23.76
2025-04-10T22:00:00Z,jp,uaqi,Universal AQI,76,200.52,0.04,23.2,20.28,0,26.17
2025-04-10T21:00:00Z,jp,uaqi,Universal AQI,75,201.23,0.04,22.79,19.43,0,28.47
2025-04-10T20:00:00Z,jp,uaqi,Universal AQI,74,282.21,0,26.48,18.38,0,24.92
2025-04-10T19:00:00Z,jp,uaqi,Universal AQI,75,299.03,0.08,26.8,22.04,0.01,26.1
2025-04-10T18:00:00Z,jp,uaqi,Universal AQI,75,298.88,0.06,21.65,27.17,0.65,27.08
2025-04-10T17:00:00Z,jp,uaqi,Universal AQI,72,299.03,0.06,24.1,29.83,1,26.38
2025-04-10T16:00:00Z,jp,uaqi,Universal AQI,67,217.96,0.06,17.46,39.83,1,29.42
2025-04-10T15:00:00Z,jp,uaqi,Universal AQI,61,216.97,0.02,13.77,49.42,0.65,34.56
2025-04-10T14:00:00Z,jp,uaqi,Universal AQI,59,200.26,0.06,8.33,51.29,0.65,34.93
2025-04-10T13:00:00Z,jp,uaqi,Universal AQI,62,200.13,0.06,8.79,47.27,1,35.43
2025-04-10T12:00:00Z,jp,uaqi,Universal AQI,59,217.73,0.14,8.67,51.79,1,30.27
2025-04-10T11:00:00Z,jp,uaqi,Universal AQI,58,216.9,0.08,9.24,53.16,2.35,36.93
2025-04-10T10:00:00Z,jp,uaqi,Universal AQI,54,217.19,0.12,10.27,57.55,1.35,34.79
2025-04-10T09:00:00Z,jp,uaqi,Universal AQI,53,217.49,0.99,11.91,58.81,1.01,36.05
2025-04-10T08:00:00Z,jp,uaqi,Universal AQI,57,298.57,1.25,16.24,54.41,2,35.04
2025-04-10T07:00:00Z,jp,uaqi,Universal AQI,56,299.48,2.14,18.05,55.68,2.01,31.72
2025-04-10T06:00:00Z,jp,uaqi,Universal AQI,66,300.46,22.91,44.02,25.36,2.35,32.11
2025-04-10T05:00:00Z,jp,uaqi,Universal AQI,64,318.07,18.11,47.6,19.85,2.99,30.17
2025-04-10T04:00:00Z,jp,uaqi,Universal AQI,66,317.97,18.02,44.99,21.26,2.34,26.06
2025-04-10T03:00:00Z,jp,uaqi,Universal AQI,71,318.05,6.13,37.61,25.88,2.34,25.54
2025-04-10T02:00:00Z,jp,uaqi,Universal AQI,63,398.67,12.31,48.85,17.1,1.99,25.12
2025-04-10T01:00:00Z,jp,uaqi,Universal AQI,65,317.62,5.79,46.43,11.5,1.35,25.89
2025-04-10T00:00:00Z,jp,uaqi,Universal AQI,69,300.87,0.36,41.34,14.09,1,25.35
2025-04-09T23:00:00Z,jp,uaqi,Universal AQI,67,300.17,0.1,43.29,16.2,1.99,23.37
2025-04-11T23:00:00Z,jp,uaqi,Universal AQI,64,217.57,0,13.11,45.35,0,24.08
2025-04-11T22:00:00Z,jp,uaqi,Universal AQI,57,217.57,0,6.93,54.11,0.65,25.01
2025-04-11T21:00:00Z,jp,N/A,N/A,N/A,N/A,N/A,N/A,N/A,N/A,N/A
2025-04-11T20:00:00Z,jp,uaqi,Universal AQI,55,218.27,0,6.23,56.57,0.65,20.91
2025-04-11T19:00:00Z,jp,uaqi,Universal AQI,53,218.27,0,19.18,59.16,0.65,28.75
2025-04-11T18:00:00Z,jp,uaqi,Universal AQI,53,299.3,0,5.4,59.13,0.65,25.22
2025-04-11T17:00:00Z,jp,uaqi,Universal AQI,53,299.36,0.06,7.04,59.2,0.65,19.43
2025-04-11T16:00:00Z,jp,uaqi,Universal AQI,51,299.37,0.04,6.4,61.01,0.65,19.93
2025-04-11T15:00:00Z,jp,uaqi,Universal AQI,52,299.39,0,9.44,60.13,0.65,24.48
2025-04-11T14:00:00Z,jp,uaqi,Universal AQI,51,299.33,0,9.56,61.01,1,25.68
2025-04-11T13:00:00Z,jp,uaqi,Universal AQI,50,300.92,0,10.16,63.21,1,27.6
2025-04-11T12:00:00Z,jp,uaqi,Universal AQI,47,300.87,0,7.52,66.89,1,30.06
2025-04-11T11:00:00Z,jp,uaqi,Universal AQI,48,300.1,0.14,8.31,65.24,0.66,27.23
2025-04-11T10:00:00Z,jp,uaqi,Universal AQI,54,299.36,0.14,14.88,57.26,2,27.33
2025-04-11T09:00:00Z,jp,uaqi,Universal AQI,59,299.37,2.01,17.69,51.46,2,33.52
2025-04-11T08:00:00Z,jp,uaqi,Universal AQI,63,299.37,3.08,18.3,45.47,1.66,35.13
2025-04-11T07:00:00Z,jp,uaqi,Universal AQI,66,381.21,2.69,17.95,40.53,2.31,28.19
2025-04-11T06:00:00Z,jp,uaqi,Universal AQI,64,300,1.59,12.27,44.53,1.66,31.11
2025-04-11T05:00:00Z,jp,uaqi,Universal AQI,75,299.99,10.32,22.13,29.29,2,27.57
2025-04-11T04:00:00Z,jp,uaqi,Universal AQI,68,218.42,18.71,37.7,10.84,1.99,31.26
2025-04-11T03:00:00Z,jp,uaqi,Universal AQI,62,300.94,43.68,38.72,9.34,1.35,31.59
2025-04-11T02:00:00Z,jp,uaqi,Universal AQI,72,300.29,12.09,36.44,8.07,1,27.5
2025-04-11T01:00:00Z,jp,uaqi,Universal AQI,70,300,9.94,39.02,6.85,1,26.98
2025-04-11T00:00:00Z,jp,uaqi,Universal AQI,72,217.98,2.26,36.99,10.18,1,24.05
2025-04-10T23:00:00Z,jp,uaqi,Universal AQI,77,200.64,0.12,25.68,20.27,0.35,23.76
2025-04-12T23:00:00Z,jp,uaqi,Universal AQI,61,216.36,0,10.37,48.66,0.35,21.19
2025-04-12T22:00:00Z,jp,uaqi,Universal AQI,68,299.15,0,16.34,40.52,1,23.03
2025-04-12T21:00:00Z,jp,uaqi,Universal AQI,65,316.18,0,17.98,38.12,1.35,25.38
2025-04-12T20:00:00Z,jp,uaqi,Universal AQI,61,218.54,0,12.15,48.6,1,21.96
2025-04-12T19:00:00Z,jp,uaqi,Universal AQI,69,299.65,0,19.73,39.31,1.35,24.91
2025-04-12T18:00:00Z,jp,uaqi,Universal AQI,67,299.55,0.04,20.82,41.44,1.34,23.53
2025-04-12T17:00:00Z,jp,uaqi,Universal AQI,53,299.63,0.02,8.29,58.57,1,20.84
2025-04-12T16:00:00Z,jp,uaqi,Universal AQI,54,299.44,0.02,11,57.94,1,20.79
2025-04-12T15:00:00Z,jp,uaqi,Universal AQI,56,218.5,0.02,14.77,55.26,1,21.67
2025-04-12T14:00:00Z,jp,uaqi,Universal AQI,56,299.54,0,18.5,55.15,1,27.27
2025-04-12T13:00:00Z,jp,uaqi,Universal AQI,48,299.63,0.02,12.27,65.22,1,22.73
2025-04-12T12:00:00Z,jp,uaqi,Universal AQI,47,299.65,0.02,9.73,66.41,1,23.27
2025-04-12T11:00:00Z,jp,uaqi,Universal AQI,54,299.83,0.08,21.5,57.83,1.35,26.54
2025-04-12T10:00:00Z,jp,uaqi,Universal AQI,50,300.41,0.02,14.95,63.01,1.02,24.54
2025-04-12T09:00:00Z,jp,uaqi,Universal AQI,55,299.54,1.98,21.92,56.67,1.66,25.49
2025-04-12T08:00:00Z,jp,uaqi,Universal AQI,55,299.86,3.45,23.27,57.02,1.66,24.83
2025-04-12T07:00:00Z,jp,uaqi,Universal AQI,49,218.61,0.95,11.18,64.29,1,23.97
2025-04-12T06:00:00Z,jp,uaqi,Universal AQI,51,218.5,0.99,10.03,61.21,1,23.88
2025-04-12T05:00:00Z,jp,uaqi,Universal AQI,55,218.45,1.12,10.89,56.3,1,25.27
2025-04-12T04:00:00Z,jp,uaqi,Universal AQI,57,299.4,1.95,11.85,54.41,1,23.01
2025-04-12T03:00:00Z,jp,uaqi,Universal AQI,56,299.26,0.97,9.62,55.26,1,24.52
2025-04-12T02:00:00Z,jp,uaqi,Universal AQI,55,299.27,0.02,5.98,57.07,0.65,25.11
2025-04-12T01:00:00Z,jp,uaqi,Universal AQI,65,300.38,0.06,16.32,43.87,0.01,23.8
2025-04-12T00:00:00Z,jp,uaqi,Universal AQI,66,300.11,0,15.46,42.37,0,23.59
2025-04-11T23:00:00Z,jp,uaqi,Universal AQI,64,217.57,0,13.11,45.35,0,24.08
2025-04-13T23:00:00Z,jp,uaqi,Universal AQI,79,200.18,0.24,27.98,15.01,0,20.34
2025-04-13T22:00:00Z,jp,uaqi,Universal AQI,81,199.35,0.12,19.55,20.48,0,17.69
2025-04-13T21:00:00Z,jp,uaqi,Universal AQI,82,200.37,0.04,17.27,23.38,0,20.12
2025-04-13T20:00:00Z,jp,uaqi,Universal AQI,75,200.41,0.04,11.57,31.38,0,22.95
2025-04-13T19:00:00Z,jp,uaqi,Universal AQI,76,281.52,0,13.16,30.58,0,22.21
2025-04-13T18:00:00Z,jp,uaqi,Universal AQI,74,298.09,0.04,12.55,32.47,0,21.09
2025-04-13T17:00:00Z,jp,uaqi,Universal AQI,70,217.59,0,11.18,38.52,0,22.02
2025-04-13T16:00:00Z,jp,uaqi,Universal AQI,62,216.46,0,8.02,47.43,0,19.89
2025-04-13T15:00:00Z,jp,uaqi,Universal AQI,64,201.33,0,10.22,45.06,0,13.71
2025-04-13T14:00:00Z,jp,uaqi,Universal AQI,66,217.29,0,10.32,43.01,0,10.71
2025-04-13T13:00:00Z,jp,uaqi,Universal AQI,64,200.64,0,7,45,0,7.9
2025-04-13T12:00:00Z,jp,uaqi,Universal AQI,62,201.01,0,5.78,48.01,0.01,15.54
2025-04-13T11:00:00Z,jp,uaqi,Universal AQI,65,218.15,0,8.41,44.15,0.65,24.39
2025-04-13T10:00:00Z,jp,uaqi,Universal AQI,64,218.31,0,7.53,45,0.01,21.16
2025-04-13T09:00:00Z,jp,uaqi,Universal AQI,62,216.61,0.02,6.57,48.08,0.01,17.93
2025-04-13T08:00:00Z,jp,uaqi,Universal AQI,61,200.09,0.04,6.64,49.05,0,13.11
2025-04-13T07:00:00Z,jp,uaqi,Universal AQI,63,216.75,0.02,10.49,46.08,0.35,14.31
2025-04-13T06:00:00Z,jp,uaqi,Universal AQI,64,217.62,0.02,13.91,44.8,1,13.14
2025-04-13T05:00:00Z,jp,uaqi,Universal AQI,63,218.04,0.02,12,46.83,1,13.89
2025-04-13T04:00:00Z,jp,uaqi,Universal AQI,64,298.99,0.04,14.72,45.05,1,16.04
2025-04-13T03:00:00Z,jp,uaqi,Universal AQI,60,217.92,0,9.78,49.85,0.35,14.71
2025-04-13T02:00:00Z,jp,uaqi,Universal AQI,62,217.4,0,11.65,47.92,0.35,14.93
2025-04-13T01:00:00Z,jp,uaqi,Universal AQI,61,216.37,0,11.47,49.66,0.35,17.08
2025-04-13T00:00:00Z,jp,uaqi,Universal AQI,57,199.85,0,8.87,54.61,0,14.26
2025-04-12T23:00:00Z,jp,uaqi,Universal AQI,61,216.36,0,10.37,48.66,0.35,21.19
2025-04-14T23:00:00Z,jp,uaqi,Universal AQI,60,200.61,0.04,7.38,50,0.01,9.44
2025-04-14T22:00:00Z,jp,uaqi,Universal AQI,64,200.54,0.04,8.91,45.83,0.01,17.52
2025-04-14T21:00:00Z,jp,uaqi,Universal AQI,63,216.98,0.04,7.48,46.44,0,12.91
2025-04-14T20:00:00Z,jp,uaqi,Universal AQI,76,199.85,0.12,16.3,27.72,0.35,23.28
2025-04-14T19:00:00Z,jp,uaqi,Universal AQI,75,199.73,0.12,20.86,23.13,0.35,25.92
2025-04-14T18:00:00Z,jp,uaqi,Universal AQI,69,216.46,0.12,15.26,38.76,1,24.35
2025-04-14T17:00:00Z,jp,uaqi,Universal AQI,62,216.69,0.24,9.95,47.73,1,28.94
2025-04-14T16:00:00Z,jp,uaqi,Universal AQI,63,299.22,0.1,10.68,47.24,1,29.74
2025-04-14T15:00:00Z,jp,uaqi,Universal AQI,66,218.34,0.1,13.78,43.08,1,28.21
2025-04-14T14:00:00Z,jp,uaqi,Universal AQI,67,300.77,0.12,14.26,41.89,0.65,28.44
2025-04-14T13:00:00Z,jp,uaqi,Universal AQI,62,300.15,0.08,9.88,48.5,0.01,30.73
2025-04-14T12:00:00Z,jp,uaqi,Universal AQI,54,200.11,0.08,5.41,58.02,1,34.77
2025-04-14T11:00:00Z,jp,uaqi,Universal AQI,50,216.26,0.08,5.44,62.88,1,29.44
2025-04-14T10:00:00Z,jp,uaqi,Universal AQI,52,199.58,0.18,6.67,60.87,1,28.01
2025-04-14T09:00:00Z,jp,uaqi,Universal AQI,53,200.06,0.16,6.11,58.99,1,30.52
2025-04-14T08:00:00Z,jp,uaqi,Universal AQI,56,200.03,1.16,9.66,55.31,1.01,26.31
2025-04-14T07:00:00Z,jp,uaqi,Universal AQI,54,200.52,0.26,5.18,58.05,1.01,26
2025-04-14T06:00:00Z,jp,uaqi,Universal AQI,58,217.69,1.22,8.2,53.04,1,27.73
2025-04-14T05:00:00Z,jp,uaqi,Universal AQI,65,218.7,3.12,13.27,43.81,1.01,27.41
2025-04-14T04:00:00Z,jp,uaqi,Universal AQI,69,299.13,4.96,15.78,38.97,1.01,24.83
2025-04-14T03:00:00Z,jp,uaqi,Universal AQI,71,317.1,4.84,19.04,36.13,1.35,27.49
2025-04-14T02:00:00Z,jp,uaqi,Universal AQI,71,481.37,2.32,16.85,37.12,1,23.69
2025-04-14T01:00:00Z,jp,uaqi,Universal AQI,77,463.38,5.96,30.75,15.48,0.35,23
2025-04-14T00:00:00Z,jp,uaqi,Universal AQI,76,298.78,1.34,31.1,12.11,0.35,20.28
2025-04-13T23:00:00Z,jp,uaqi,Universal AQI,79,200.18,0.24,27.98,15.01,0,20.34
2025-04-15T23:00:00Z,jp,uaqi,Universal AQI,79,316.84,0.12,23.3,27.16,0.7,14.35
2025-04-15T22:00:00Z,jp,uaqi,Universal AQI,72,316.24,0.04,14.69,36.05,1.34,16.93
2025-04-15T21:00:00Z,jp,uaqi,Universal AQI,71,300.47,0.02,12.73,37.08,1,16.22
2025-04-15T20:00:00Z,jp,uaqi,Universal AQI,68,217.21,0.06,7.91,41.03,0.35,14.91
2025-04-15T19:00:00Z,jp,uaqi,Universal AQI,68,217.18,0.06,8.13,40.08,0.01,16.66
2025-04-15T18:00:00Z,jp,uaqi,Universal AQI,68,217.18,0.04,8.33,40.04,0.65,12.89
2025-04-15T17:00:00Z,jp,uaqi,Universal AQI,68,217.07,0.06,10.18,39.81,0.01,13.57
2025-04-15T16:00:00Z,jp,uaqi,Universal AQI,68,217.26,0.1,10.24,40.85,0.01,12.74
2025-04-15T15:00:00Z,jp,uaqi,Universal AQI,67,299.21,0.1,9.24,41.3,1.95,13.8
2025-04-15T14:00:00Z,jp,uaqi,Universal AQI,68,218.87,0.04,8.84,40.71,0.65,11.75
2025-04-15T13:00:00Z,jp,uaqi,Universal AQI,64,300.7,0.08,6.07,45.21,0.01,11.1
2025-04-15T12:00:00Z,jp,uaqi,Universal AQI,64,218.2,0.1,6.26,45.9,0.01,13.21
2025-04-15T11:00:00Z,jp,uaqi,Universal AQI,63,216.61,0.12,6.34,46.49,0.35,13.82
2025-04-15T10:00:00Z,jp,uaqi,Universal AQI,62,216.64,0.23,6.1,48.18,0.01,11.82
2025-04-15T09:00:00Z,jp,uaqi,Universal AQI,61,217.14,0.23,5.73,49.06,0.01,11.98
2025-04-15T08:00:00Z,jp,uaqi,Universal AQI,61,199.93,0.17,4.79,49.01,0.35,11.5
2025-04-15T07:00:00Z,jp,uaqi,Universal AQI,59,216.76,0.16,4.94,51.04,0.65,10.53
2025-04-15T06:00:00Z,jp,uaqi,Universal AQI,60,218.6,0.23,5.62,50.91,1,9.52
2025-04-15T05:00:00Z,jp,uaqi,Universal AQI,59,217.94,0.23,4.62,51.62,0.01,11.27
2025-04-15T04:00:00Z,jp,uaqi,Universal AQI,63,218.84,0.16,4.88,47.25,0.01,8.55
2025-04-15T03:00:00Z,jp,uaqi,Universal AQI,65,300.38,1.96,8.16,44.24,1,9.21
2025-04-15T02:00:00Z,jp,uaqi,Universal AQI,65,300.97,0.16,8.1,44.32,1,9.31
2025-04-15T01:00:00Z,jp,uaqi,Universal AQI,63,300.82,0.16,8.66,46.2,0.01,13.92
2025-04-15T00:00:00Z,jp,uaqi,Universal AQI,63,217.94,0.14,8.73,46.29,0.01,11.15
2025-04-14T23:00:00Z,jp,uaqi,Universal AQI,60,200.61,0.04,7.38,50,0.01,9.44
2025-04-16T23:00:00Z,jp,N/A,N/A,N/A,N/A,N/A,N/A,N/A,N/A,N/A
2025-04-16T22:00:00Z,jp,N/A,N/A,N/A,N/A,N/A,N/A,N/A,N/A,N/A
2025-04-16T21:00:00Z,jp,uaqi,Universal AQI,80,217.6,0.04,22.17,25.7,0.35,15.66
2025-04-16T20:00:00Z,jp,uaqi,Universal AQI,67,300.24,0.06,11.19,42.11,0.35,18.52
2025-04-16T19:00:00Z,jp,uaqi,Universal AQI,63,218.36,0,11.7,46.36,1,19.54
2025-04-16T18:00:00Z,jp,uaqi,Universal AQI,62,300.23,0.08,12.88,47.46,1,16.78
2025-04-16T17:00:00Z,jp,uaqi,Universal AQI,77,300.62,0.98,10.11,19.22,1,18.36
2025-04-16T16:00:00Z,jp,uaqi,Universal AQI,65,303.29,0.04,16.5,43.78,1,16.65
2025-04-16T15:00:00Z,jp,uaqi,Universal AQI,71,220.3,0.06,24.57,36.18,1,18.69
2025-04-16T14:00:00Z,jp,uaqi,Universal AQI,64,220.03,0.06,17.47,45.77,1,19.54
2025-04-16T13:00:00Z,jp,uaqi,Universal AQI,68,300.41,0.1,25.57,40.21,1,18.57
2025-04-16T12:00:00Z,jp,uaqi,Universal AQI,60,300.43,0.17,17.08,50.19,1.66,16.92
2025-04-16T11:00:00Z,jp,uaqi,Universal AQI,57,218.45,0.23,13.74,53.52,1.01,16.25
2025-04-16T10:00:00Z,jp,uaqi,Universal AQI,54,299.67,0.12,7.32,58.01,1.01,22.87
2025-04-16T09:00:00Z,jp,uaqi,Universal AQI,56,299.59,1.02,8.59,54.96,1.01,24.51
2025-04-16T08:00:00Z,jp,uaqi,Universal AQI,61,299.61,0.1,7.92,48.93,1.01,32.63
2025-04-16T07:00:00Z,jp,uaqi,Universal AQI,59,218.46,0.23,8.12,51.82,1,21.43
2025-04-16T06:00:00Z,jp,uaqi,Universal AQI,59,218.35,1.05,7,51.81,1,13.35
2025-04-16T05:00:00Z,jp,uaqi,Universal AQI,59,299.78,0.18,6.2,51.4,1,20.41
2025-04-16T04:00:00Z,jp,uaqi,Universal AQI,66,299.78,1.24,10.34,43.51,1.01,17.48
2025-04-16T03:00:00Z,jp,uaqi,Universal AQI,72,301.65,2.09,15.15,35.64,1,15.6
2025-04-16T02:00:00Z,jp,uaqi,Universal AQI,77,401.54,4.98,23.8,28.96,1,20.91
2025-04-16T01:00:00Z,jp,uaqi,Universal AQI,68,399.57,12.17,41.45,10.67,0.35,18.87
2025-04-16T00:00:00Z,jp,uaqi,Universal AQI,72,317.19,2.17,37.47,12.43,0.35,18.07
2025-04-15T23:00:00Z,jp,uaqi,Universal AQI,79,316.84,0.12,23.3,27.16,0.7,14.35
2025-04-17T23:00:00Z,jp,uaqi,Universal AQI,60,217.86,0.04,11.97,50.89,1,28.34
2025-04-17T22:00:00Z,jp,uaqi,Universal AQI,57,201.38,0,8.74,54.37,1,30.38
2025-04-17T21:00:00Z,jp,uaqi,Universal AQI,56,201.27,0,7.25,55.52,1,30.98
2025-04-17T20:00:00Z,jp,uaqi,Universal AQI,54,201.16,0,5.95,57.57,1,32.6
2025-04-17T19:00:00Z,jp,uaqi,Universal AQI,53,201.41,0.08,8.53,58.59,1,33.11
2025-04-17T18:00:00Z,jp,uaqi,Universal AQI,56,217.39,0.04,9.86,54.88,1,33.96
2025-04-17T17:00:00Z,jp,uaqi,Universal AQI,62,201.73,0.08,16.98,48.43,1,35.89
2025-04-17T16:00:00Z,jp,uaqi,Universal AQI,65,218.14,0.06,24.22,42.04,1,35.16
2025-04-17T15:00:00Z,jp,uaqi,Universal AQI,57,218.1,0.06,14.48,53.92,1,32.4
2025-04-17T14:00:00Z,jp,uaqi,Universal AQI,55,218.11,0.04,14.74,56.96,1,32.93
2025-04-17T13:00:00Z,jp,uaqi,Universal AQI,59,218.25,0.1,21.51,51.36,1.01,35.52
2025-04-17T12:00:00Z,jp,uaqi,Universal AQI,55,299.39,0.1,16.71,57.25,1.02,32.03
2025-04-17T11:00:00Z,jp,uaqi,Universal AQI,47,217.02,0.1,7.73,66.46,2.01,26.89
2025-04-17T10:00:00Z,jp,uaqi,Universal AQI,48,216.99,0.1,9.05,65.71,2.01,30.35
2025-04-17T09:00:00Z,jp,uaqi,Universal AQI,52,218.02,1.12,16.68,60.22,2.01,28.46
2025-04-17T08:00:00Z,jp,uaqi,Universal AQI,44,218.87,0.97,11.44,69.98,1.36,32.22
2025-04-17T07:00:00Z,jp,uaqi,Universal AQI,47,301.08,1.27,12.11,66.62,1.66,29.83
2025-04-17T06:00:00Z,jp,uaqi,Universal AQI,53,302.11,2.33,13.45,58.58,2.01,29.64
2025-04-17T05:00:00Z,jp,uaqi,Universal AQI,67,417.77,6.22,19.63,41.97,2.01,25.34
2025-04-17T04:00:00Z,jp,uaqi,Universal AQI,71,416.27,10.54,25.21,32.26,2.36,23.78
2025-04-17T03:00:00Z,jp,uaqi,Universal AQI,72,416.2,17.89,36.92,21.01,2.01,22.41
2025-04-17T02:00:00Z,jp,uaqi,Universal AQI,73,496.82,7.27,30.65,23.94,1.99,24.34
2025-04-17T01:00:00Z,jp,uaqi,Universal AQI,67,496.48,25.31,43.23,7.22,0.35,22.03
2025-04-17T00:00:00Z,jp,uaqi,Universal AQI,66,300.32,7.46,45.02,5.67,0,18.92
2025-04-16T23:00:00Z,jp,N/A,N/A,N/A,N/A,N/A,N/A,N/A,N/A,N/A
2025-04-18T23:00:00Z,jp,uaqi,Universal AQI,72,200.13,0.1,20.47,27.09,0.37,26.52
2025-04-18T22:00:00Z,jp,uaqi,Universal AQI,70,200.05,0.02,14.1,31.58,1.02,25.73
2025-04-18T21:00:00Z,jp,uaqi,Universal AQI,67,200.14,0.02,11.51,41.39,1.01,25.95
2025-04-18T20:00:00Z,jp,uaqi,Universal AQI,65,200.5,0,8.45,44.67,1,26.5
2025-04-18T19:00:00Z,jp,uaqi,Universal AQI,62,200.67,0,5.37,48.44,1,29.01
2025-04-18T18:00:00Z,jp,uaqi,Universal AQI,62,200.7,0,6.34,48.37,1,31.16
2025-04-18T17:00:00Z,jp,uaqi,Universal AQI,62,201.55,0.1,7.16,47.48,1,31.36
2025-04-18T16:00:00Z,jp,uaqi,Universal AQI,66,201.53,0.02,14.11,42.77,1,30.93
2025-04-18T15:00:00Z,jp,uaqi,Universal AQI,64,200.31,0.02,10.99,44.86,1,31.14
2025-04-18T14:00:00Z,jp,uaqi,Universal AQI,66,200.21,0.02,13.26,43.4,1,32.67
2025-04-18T13:00:00Z,jp,uaqi,Universal AQI,63,200.32,0.06,12.57,46.13,1,30.44
2025-04-18T12:00:00Z,jp,uaqi,Universal AQI,62,200.47,0.14,11.72,48.13,1.01,33.11
2025-04-18T11:00:00Z,jp,uaqi,Universal AQI,56,200.4,0.06,9.32,55.57,1.01,32.17
2025-04-18T10:00:00Z,jp,uaqi,Universal AQI,53,200.29,0.95,9.67,59.18,1.36,28.43
2025-04-18T09:00:00Z,jp,uaqi,Universal AQI,56,200.25,0.97,9.18,55.6,1.36,26.67
2025-04-18T08:00:00Z,jp,uaqi,Universal AQI,53,200.17,0.08,8.07,59.35,1.01,29.92
2025-04-18T07:00:00Z,jp,uaqi,Universal AQI,55,200.29,1.05,10.74,56.7,1.01,26.38
2025-04-18T06:00:00Z,jp,uaqi,Universal AQI,57,200.51,1.14,11.15,53.63,1.01,29.38
2025-04-18T05:00:00Z,jp,uaqi,Universal AQI,59,315.97,2.57,14.1,51.28,2,30.85
2025-04-18T04:00:00Z,jp,uaqi,Universal AQI,61,397.1,1.63,14.87,49.03,2,31.18
2025-04-18T03:00:00Z,jp,uaqi,Universal AQI,63,381.26,10.75,48.28,23.14,2.34,30.21
2025-04-18T02:00:00Z,jp,uaqi,Universal AQI,59,397.77,2.27,40.4,28.47,2.35,28.56
2025-04-18T01:00:00Z,jp,uaqi,Universal AQI,73,299.86,1.1,29.59,27.06,1,27.58
2025-04-18T00:00:00Z,jp,uaqi,Universal AQI,69,218,0.2,18.6,38.89,1,28.14
2025-04-17T23:00:00Z,jp,uaqi,Universal AQI,60,217.86,0.04,11.97,50.89,1,28.34
2025-04-19T23:00:00Z,jp,uaqi,Universal AQI,63,118.49,0,5.58,46.25,0.65,21.09
2025-04-19T22:00:00Z,jp,uaqi,Universal AQI,62,118.75,0,5.4,47.46,1,20.45
2025-04-19T21:00:00Z,jp,uaqi,Universal AQI,62,118.42,0,4.64,48.06,1.01,20.75
2025-04-19T20:00:00Z,jp,uaqi,Universal AQI,64,199.41,0,7.35,45.35,0.66,21.05
2025-04-19T19:00:00Z,jp,uaqi,Universal AQI,64,199.41,0,10.11,45.28,1,25.48
2025-04-19T18:00:00Z,jp,uaqi,Universal AQI,64,199.63,0.04,7.25,45.28,1,23.88
2025-04-19T17:00:00Z,jp,uaqi,Universal AQI,64,199.75,0,7.83,45.65,1,25.71
2025-04-19T16:00:00Z,jp,uaqi,Universal AQI,65,119.06,0,10.62,43.86,1,26.45
2025-04-19T15:00:00Z,jp,uaqi,Universal AQI,62,118.95,0,7.02,47.47,1,26.16
2025-04-19T14:00:00Z,jp,uaqi,Universal AQI,61,199.35,0,5.97,49.5,1,26.29
2025-04-19T13:00:00Z,jp,uaqi,Universal AQI,60,200.2,0,7.28,50.55,1,30.11
2025-04-19T12:00:00Z,jp,uaqi,Universal AQI,58,200.32,0.04,6.65,53.21,1,32.63
2025-04-19T11:00:00Z,jp,uaqi,Universal AQI,58,200.47,0.1,6.89,53.38,1.01,30.24
2025-04-19T10:00:00Z,jp,uaqi,Universal AQI,59,201.47,1.06,11.25,51.74,1.66,29.28
2025-04-19T09:00:00Z,jp,uaqi,Universal AQI,48,201.63,0.08,8.46,65.16,2.01,30.46
2025-04-19T08:00:00Z,jp,uaqi,Universal AQI,53,202.1,1.69,12.29,59.66,2.36,30.97
2025-04-19T07:00:00Z,jp,uaqi,Universal AQI,57,285.06,1.95,15.05,54.3,2.36,33.61
2025-04-19T06:00:00Z,jp,uaqi,Universal AQI,57,285.36,6.51,26.3,47.06,2.36,37.39
2025-04-19T05:00:00Z,jp,uaqi,Universal AQI,50,286.01,11.06,34.58,37.74,2.01,44.83
2025-04-19T04:00:00Z,jp,uaqi,Universal AQI,52,284.15,6.7,26.31,39.22,2.01,44.38
2025-04-19T03:00:00Z,jp,uaqi,Universal AQI,52,283.17,9.55,28.71,27.96,2.36,45.36
2025-04-19T02:00:00Z,jp,uaqi,Universal AQI,64,283.08,2.59,32.22,38.32,2.34,36.91
2025-04-19T01:00:00Z,jp,uaqi,Universal AQI,67,282.38,3.47,34.49,18.68,1.36,31.05
2025-04-19T00:00:00Z,jp,uaqi,Universal AQI,67,282.27,0.32,27.27,16.15,0.4,29.6
2025-04-18T23:00:00Z,jp,uaqi,Universal AQI,72,200.13,0.1,20.47,27.09,0.37,26.52
2025-04-20T23:00:00Z,jp,uaqi,Universal AQI,61,201.62,0,10.58,49.03,0.01,8.97
2025-04-20T22:00:00Z,jp,uaqi,Universal AQI,60,201.34,0,7.14,50.86,0.35,8.9
2025-04-20T21:00:00Z,jp,uaqi,Universal AQI,63,201.34,0,4.9,46.93,0.35,6.11
2025-04-20T20:00:00Z,jp,uaqi,Universal AQI,64,201.19,0,5.06,45.14,0.01,7.68
2025-04-20T19:00:00Z,jp,uaqi,Universal AQI,66,201.12,0,6.01,42.88,0.65,9.72
2025-04-20T18:00:00Z,jp,uaqi,Universal AQI,69,199.58,0,9.99,38.72,1,16.18
2025-04-20T17:00:00Z,jp,uaqi,Universal AQI,68,199.43,0,9.15,40.23,0.66,16.26
2025-04-20T16:00:00Z,jp,uaqi,Universal AQI,70,200.21,0,10.85,38.09,1.65,18.87
2025-04-20T15:00:00Z,jp,uaqi,Universal AQI,71,200.2,0,15.96,36.13,2.29,23.63
2025-04-20T14:00:00Z,jp,uaqi,Universal AQI,70,200.52,0.02,22.03,34.63,1.65,24.45
2025-04-20T13:00:00Z,jp,uaqi,Universal AQI,67,200.28,0,19.52,42,1.65,24.48
2025-04-20T12:00:00Z,jp,uaqi,Universal AQI,63,200.24,0,12.64,46.52,1.3,18.1
2025-04-20T11:00:00Z,jp,uaqi,Universal AQI,64,200.51,0.97,14.21,45.57,1.01,16.86
2025-04-20T10:00:00Z,jp,uaqi,Universal AQI,66,118.47,1.93,14.24,42.88,1.01,17.61
2025-04-20T09:00:00Z,jp,uaqi,Universal AQI,65,200.12,1.06,10.73,43.83,1,19.55
2025-04-20T08:00:00Z,jp,uaqi,Universal AQI,69,119.25,3.64,15.64,38.81,1.36,21.28
2025-04-20T07:00:00Z,jp,uaqi,Universal AQI,70,199.53,2.83,11.42,37.32,1.66,25.57
2025-04-20T06:00:00Z,jp,uaqi,Universal AQI,73,199.42,3.76,15.11,34.06,1.01,20.09
2025-04-20T05:00:00Z,jp,uaqi,Universal AQI,70,199.53,2.03,12.16,37.36,1.01,23.29
2025-04-20T04:00:00Z,jp,uaqi,Universal AQI,68,201.11,1.04,9.73,40.2,1.01,19.48
2025-04-20T03:00:00Z,jp,uaqi,Universal AQI,67,200.2,0.06,8.37,41.49,0.66,17.69
2025-04-20T02:00:00Z,jp,uaqi,Universal AQI,69,199.43,0.06,11.82,38.63,0.66,20.51
2025-04-20T01:00:00Z,jp,uaqi,Universal AQI,66,200.18,0,9.37,43.17,1,19.4
2025-04-20T00:00:00Z,jp,uaqi,Universal AQI,68,199.34,0,8.14,40.76,1,18.61
2025-04-19T23:00:00Z,jp,uaqi,Universal AQI,63,118.49,0,5.58,46.25,0.65,21.09
2025-04-21T23:00:00Z,jp,uaqi,Universal AQI,74,200.83,0.08,22.88,33.31,1,21.42
2025-04-21T22:00:00Z,jp,uaqi,Universal AQI,74,200.79,0.04,21.3,33.09,1,19.44
2025-04-21T21:00:00Z,jp,uaqi,Universal AQI,75,200.79,0,19.18,32.28,1,18.15
2025-04-21T20:00:00Z,jp,uaqi,Universal AQI,74,201.64,0,20.48,33.53,1,16.62
2025-04-21T19:00:00Z,jp,uaqi,Universal AQI,75,200.98,0.02,27.13,22.49,1,18.26
2025-04-21T18:00:00Z,jp,uaqi,Universal AQI,73,299.31,0.25,29.13,20.22,1,20.5
2025-04-21T17:00:00Z,jp,uaqi,Universal AQI,77,282.79,1.1,9.99,12.49,0.35,17.98
2025-04-21T16:00:00Z,jp,uaqi,Universal AQI,61,217.67,0.95,51,11.05,0.36,22.91
2025-04-21T15:00:00Z,jp,uaqi,Universal AQI,71,299.73,0.08,37.86,25.14,0.7,19.21
2025-04-21T14:00:00Z,jp,uaqi,Universal AQI,74,381.35,0,32.41,33.51,1.35,17.46
2025-04-21T13:00:00Z,jp,uaqi,Universal AQI,63,299.35,0.02,32.78,46.57,1.02,19.9
2025-04-21T12:00:00Z,jp,uaqi,Universal AQI,53,218.95,0.1,22.16,58.55,1.02,19.94
2025-04-21T11:00:00Z,jp,uaqi,Universal AQI,49,218.18,0.3,16.81,63.94,1.66,19.97
2025-04-21T10:00:00Z,jp,uaqi,Universal AQI,50,217.32,1.32,16.36,63.22,2,18.83
2025-04-21T09:00:00Z,jp,uaqi,Universal AQI,54,217.32,1.58,17.78,58.42,1.65,19.28
2025-04-21T08:00:00Z,jp,uaqi,Universal AQI,53,200.54,1.56,12.67,59.05,1,20.12
2025-04-21T07:00:00Z,jp,uaqi,Universal AQI,60,280.8,4.55,18.2,50.76,1.65,17.52
2025-04-21T06:00:00Z,jp,uaqi,Universal AQI,56,202.51,2.59,12.79,55.24,1,20.39
2025-04-21T05:00:00Z,jp,uaqi,Universal AQI,62,202.45,5.74,16.14,48.46,1,18.77
2025-04-21T04:00:00Z,jp,uaqi,Universal AQI,63,218.27,5.72,16.03,46.77,1,20.43
2025-04-21T03:00:00Z,jp,uaqi,Universal AQI,63,201.62,2.01,15.08,46.53,1,19.73
2025-04-21T02:00:00Z,jp,uaqi,Universal AQI,64,219.01,0.97,14.99,45.76,0.35,14.7
2025-04-21T01:00:00Z,jp,uaqi,Universal AQI,67,201.62,0.12,20.12,41.23,0.35,12.46
2025-04-21T00:00:00Z,jp,uaqi,Universal AQI,66,201.62,0.04,17.83,43.07,0.35,13.5
2025-04-20T23:00:00Z,jp,uaqi,Universal AQI,61,201.62,0,10.58,49.03,0.01,8.97
2025-04-22T23:00:00Z,jp,uaqi,Universal AQI,80,101.69,0,17.07,25.23,0,12.52
2025-04-22T22:00:00Z,jp,uaqi,Universal AQI,75,101.68,0,10,31.55,0.01,11.37
2025-04-22T21:00:00Z,jp,uaqi,Universal AQI,71,101.39,0,7.85,36.89,0,13.26
2025-04-22T20:00:00Z,jp,uaqi,Universal AQI,77,118.04,0,15.53,28.88,0.01,13.75
2025-04-22T19:00:00Z,jp,uaqi,Universal AQI,79,118.42,0.04,20.7,27.26,0.01,14.84
2025-04-22T18:00:00Z,jp,uaqi,Universal AQI,80,118.42,0.02,23.67,24.92,0.01,14.66
2025-04-22T17:00:00Z,jp,uaqi,Universal AQI,73,119.14,0.02,12.22,33.61,0.35,17.74
2025-04-22T16:00:00Z,jp,uaqi,Universal AQI,78,199.67,0.08,16.51,27.42,0.65,24
2025-04-22T15:00:00Z,jp,uaqi,Universal AQI,73,118.88,0.1,12.24,32.41,1,30.3
2025-04-22T14:00:00Z,jp,uaqi,Universal AQI,72,118.69,0.06,11.7,36.03,1.01,17.91
2025-04-22T13:00:00Z,jp,uaqi,Universal AQI,70,199.58,0.02,12.14,38.35,1,16.83
2025-04-22T12:00:00Z,jp,uaqi,Universal AQI,66,199.53,0.06,12.99,43.42,1.01,18.58
2025-04-22T11:00:00Z,jp,uaqi,Universal AQI,61,118.54,0.08,10.59,49.49,1.01,18.57
2025-04-22T10:00:00Z,jp,uaqi,Universal AQI,57,118.59,0.5,8.97,54.29,1.01,20.77
2025-04-22T09:00:00Z,jp,uaqi,Universal AQI,60,199.54,1.37,12.7,49.81,1.01,26.46
2025-04-22T08:00:00Z,jp,uaqi,Universal AQI,57,118.69,1.57,10.65,54.03,1.01,22.18
2025-04-22T07:00:00Z,jp,uaqi,Universal AQI,51,200.46,1.01,9.12,62.03,1.01,23.88
2025-04-22T06:00:00Z,jp,uaqi,Universal AQI,61,201.14,4.21,18.94,49.26,1,21.92
2025-04-22T05:00:00Z,jp,uaqi,Universal AQI,58,282.19,3.42,14.43,52.45,1,25.43
2025-04-22T04:00:00Z,jp,uaqi,Universal AQI,62,218.31,4.15,20.15,47.53,1.01,24.31
2025-04-22T03:00:00Z,jp,uaqi,Universal AQI,69,218.42,4.01,21.55,38.7,1.34,25.82
2025-04-22T02:00:00Z,jp,uaqi,Universal AQI,72,300.13,3.9,24.39,35.63,1.34,23.38
2025-04-22T01:00:00Z,jp,uaqi,Universal AQI,72,284.26,1.19,25.73,36.03,1,24.15
2025-04-22T00:00:00Z,jp,uaqi,Universal AQI,72,200.96,0.32,25.85,30.34,1,23.48
2025-04-21T23:00:00Z,jp,uaqi,Universal AQI,74,200.83,0.08,22.88,33.31,1,21.42
2025-04-23T23:00:00Z,jp,uaqi,Universal AQI,77,118.33,0.08,15.18,29.1,0.01,8.58
2025-04-23T22:00:00Z,jp,uaqi,Universal AQI,75,118.33,0.02,10.52,31.92,0.01,7.44
2025-04-23T21:00:00Z,jp,uaqi,Universal AQI,70,118.33,0,5.94,37.98,0.01,8
2025-04-23T20:00:00Z,jp,uaqi,Universal AQI,76,118.35,0.04,10.5,29.9,0.35,7.83
2025-04-23T19:00:00Z,jp,uaqi,Universal AQI,73,118.35,0,11.3,34.53,0.01,12.14
2025-04-23T18:00:00Z,jp,uaqi,Universal AQI,73,118.35,0.02,9.84,34.54,0.01,9.43
2025-04-23T17:00:00Z,jp,uaqi,Universal AQI,79,118.44,0.04,17.49,26.56,0.35,11.14
2025-04-23T16:00:00Z,jp,uaqi,Universal AQI,74,118.44,0,10.01,33.55,0.35,9.84
2025-04-23T15:00:00Z,jp,uaqi,Universal AQI,71,118.74,0,7.28,36.19,0.35,7.1
2025-04-23T14:00:00Z,jp,N/A,N/A,N/A,N/A,N/A,N/A,N/A,N/A,N/A
2025-04-23T13:00:00Z,jp,uaqi,Universal AQI,74,298.82,0.08,6.97,33.2,1.01,7.2
2025-04-23T12:00:00Z,jp,uaqi,Universal AQI,77,299.52,0.37,7.82,29.61,1.66,8.96
2025-04-23T11:00:00Z,jp,uaqi,Universal AQI,78,201.17,0.25,7.97,28.35,2.01,9.3
2025-04-23T10:00:00Z,jp,uaqi,Universal AQI,80,200.36,3.48,20.5,20.23,3.3,18.17
2025-04-23T09:00:00Z,jp,uaqi,Universal AQI,75,216.99,4.89,20.95,21.99,2.01,20.22
2025-04-23T08:00:00Z,jp,uaqi,Universal AQI,72,200.28,5.66,20.3,22.47,1.7,21.58
2025-04-23T07:00:00Z,jp,uaqi,Universal AQI,75,199.74,6.32,18.73,19.37,1.35,19.2
2025-04-23T06:00:00Z,jp,uaqi,Universal AQI,83,119.07,12.42,17.81,21.14,1.01,14.52
2025-04-23T05:00:00Z,jp,uaqi,Universal AQI,80,199.68,18.71,26.35,14.63,1,15.2
2025-04-23T04:00:00Z,jp,uaqi,Universal AQI,73,216.64,25.04,35.08,9.83,1,16.38
2025-04-23T03:00:00Z,jp,uaqi,Universal AQI,77,216.59,14.34,30.97,10.37,1,15.95
2025-04-23T02:00:00Z,jp,uaqi,Universal AQI,78,200.31,2.94,28.86,13.49,0.01,12.92
2025-04-23T01:00:00Z,jp,uaqi,Universal AQI,74,280.42,3.84,33.67,11.28,0,11.99
2025-04-23T00:00:00Z,jp,N/A,N/A,N/A,N/A,N/A,N/A,N/A,N/A,N/A
2025-04-22T23:00:00Z,jp,uaqi,Universal AQI,80,101.69,0,17.07,25.23,0,12.52
2025-04-24T23:00:00Z,jp,uaqi,Universal AQI,71,217.09,1.26,37.91,5.42,1,16.83
2025-04-24T22:00:00Z,jp,uaqi,Universal AQI,78,216.3,1,29.64,7.4,0.66,14.47
2025-04-24T21:00:00Z,jp,uaqi,Universal AQI,82,216.46,0.26,23.94,14.79,0.65,14.48
2025-04-24T20:00:00Z,jp,uaqi,Universal AQI,82,216.61,0.02,23.48,13.58,1,13.86
2025-04-24T19:00:00Z,jp,uaqi,Universal AQI,83,217.21,0.09,20.76,18.92,1,14.84
2025-04-24T18:00:00Z,jp,uaqi,Universal AQI,80,218.15,0.02,18.01,25.2,1,13.12
2025-04-24T17:00:00Z,jp,uaqi,Universal AQI,80,218.15,0.04,27.14,17.76,1,14.05
2025-04-24T16:00:00Z,jp,uaqi,Universal AQI,75,299.98,0.91,32.56,17.28,1,16.01
2025-04-24T15:00:00Z,jp,uaqi,Universal AQI,66,381.68,0.04,16.18,43.01,1.3,16.1
2025-04-24T14:00:00Z,jp,uaqi,Universal AQI,60,299.17,0.06,16.76,50.87,1,14.49
2025-04-24T13:00:00Z,jp,uaqi,Universal AQI,57,217.67,0.06,14.9,54.26,1,14.12
2025-04-24T12:00:00Z,jp,uaqi,Universal AQI,56,217.57,0.1,13.02,55.54,1,13.86
2025-04-24T11:00:00Z,jp,uaqi,Universal AQI,56,217.5,0.25,14.5,55.29,1,13.78
2025-04-24T10:00:00Z,jp,uaqi,Universal AQI,54,217.21,1.27,13.28,57.71,1,12.86
2025-04-24T09:00:00Z,jp,uaqi,Universal AQI,59,216.34,2.53,14.87,51.85,0.66,10.81
2025-04-24T08:00:00Z,jp,uaqi,Universal AQI,60,199.68,2.24,11.08,50.8,1.01,10.95
2025-04-24T07:00:00Z,jp,uaqi,Universal AQI,64,199.86,2.05,11.57,45.67,0.66,12.01
2025-04-24T06:00:00Z,jp,uaqi,Universal AQI,66,199.86,2.26,11.3,43.33,0.66,10.92
2025-04-24T05:00:00Z,jp,uaqi,Universal AQI,69,118.96,2.5,10.47,39.67,0.65,10.11
2025-04-24T04:00:00Z,jp,uaqi,Universal AQI,71,199.92,1.25,10.18,36.73,0.01,11.11
2025-04-24T03:00:00Z,jp,uaqi,Universal AQI,71,200.5,1.12,10.16,36.48,0.35,9.28
2025-04-24T02:00:00Z,jp,uaqi,Universal AQI,71,201.34,0.06,11.54,36.34,0.35,12.29
2025-04-24T01:00:00Z,jp,uaqi,Universal AQI,72,199.42,0.08,12.85,35.29,0.01,8.45
2025-04-24T00:00:00Z,jp,uaqi,Universal AQI,74,199.33,0.16,14.14,32.44,0.01,9.81
2025-04-23T23:00:00Z,jp,uaqi,Universal AQI,77,118.33,0.08,15.18,29.1,0.01,8.58
2025-04-25T23:00:00Z,jp,uaqi,Universal AQI,53,298.65,0.04,15.91,32.87,0,35.09
2025-04-25T22:00:00Z,jp,uaqi,Universal AQI,53,298.58,0,13.41,34.28,0,37.75
2025-04-25T21:00:00Z,jp,uaqi,Universal AQI,55,299.53,0,12.99,37.38,0,34.06
2025-04-25T20:00:00Z,jp,uaqi,Universal AQI,52,379.84,0.04,10.55,44.85,0.01,36.48
2025-04-25T19:00:00Z,jp,uaqi,Universal AQI,52,379.85,0.12,9.93,50.38,0.01,38.28
2025-04-25T18:00:00Z,jp,uaqi,Universal AQI,47,299.33,0.04,7.34,52.31,0.35,41.06
2025-04-25T17:00:00Z,jp,uaqi,Universal AQI,48,299.34,0,7.18,54.26,0.01,43.54
2025-04-25T16:00:00Z,jp,uaqi,Universal AQI,50,298.67,0,7.12,54.13,0.01,38.46
2025-04-25T15:00:00Z,jp,uaqi,Universal AQI,51,299.4,0,8.12,52.25,0.01,38.92
2025-04-25T14:00:00Z,jp,uaqi,Universal AQI,50,299.55,0,8.58,52.21,0.01,41.63
2025-04-25T13:00:00Z,jp,uaqi,Universal AQI,46,300.45,0,7.21,51.33,0.01,46.46
2025-04-25T12:00:00Z,jp,uaqi,Universal AQI,41,398.96,0.08,11.81,53.06,0.66,47.05
2025-04-25T11:00:00Z,jp,uaqi,Universal AQI,46,397.37,0.19,15.99,56.92,1,49.13
2025-04-25T10:00:00Z,jp,uaqi,Universal AQI,54,316.38,1.26,14.87,58.37,1,38.11
2025-04-25T09:00:00Z,jp,uaqi,Universal AQI,54,299.64,1.98,16.54,58.09,1,33.32
2025-04-25T08:00:00Z,jp,uaqi,Universal AQI,58,299.75,2.64,16.21,52.85,1.65,30.95
2025-04-25T07:00:00Z,jp,uaqi,Universal AQI,63,299.48,8.67,24.23,36.22,1,26.28
2025-04-25T06:00:00Z,jp,uaqi,Universal AQI,56,218.33,3.56,13.75,45.94,1,33.82
2025-04-25T05:00:00Z,jp,uaqi,Universal AQI,63,218.33,1.79,11.72,45.16,0.65,29.97
2025-04-25T04:00:00Z,jp,uaqi,Universal AQI,76,234.79,18.29,31.06,14.46,1,18.61
2025-04-25T03:00:00Z,jp,uaqi,Universal AQI,78,236.23,10.24,29.34,13.89,2.3,17.29
2025-04-25T02:00:00Z,jp,uaqi,Universal AQI,75,301.46,10.64,33.28,8.89,1.66,16.18
2025-04-25T01:00:00Z,jp,uaqi,Universal AQI,73,299.95,15.55,35.74,6.55,1.01,17.28
2025-04-25T00:00:00Z,jp,uaqi,Universal AQI,72,217.01,8.52,36.28,2.52,1.65,15.67
2025-04-24T23:00:00Z,jp,uaqi,Universal AQI,71,217.09,1.26,37.91,5.42,1,16.83
2025-04-26T23:00:00Z,jp,uaqi,Universal AQI,58,398.78,0.04,15.63,33.77,0.01,30.78
2025-04-26T22:00:00Z,jp,uaqi,Universal AQI,62,398.93,0,19.18,30.41,1,29.96
2025-04-26T21:00:00Z,jp,uaqi,Universal AQI,58,398.02,0,21.61,29.64,1,29.3
2025-04-26T20:00:00Z,jp,uaqi,Universal AQI,57,480.05,0,21.83,31.09,1.34,32.36
2025-04-26T19:00:00Z,jp,uaqi,Universal AQI,58,481.07,0.04,19.9,36.08,1.35,33.26
2025-04-26T18:00:00Z,jp,uaqi,Universal AQI,58,497.79,0,24.14,36.44,1.35,32.25
2025-04-26T17:00:00Z,jp,uaqi,Universal AQI,57,498.24,0.08,29.08,37,1.35,31.44
2025-04-26T16:00:00Z,jp,uaqi,Universal AQI,55,580.41,0.08,37.88,29.9,1.01,36.78
2025-04-26T15:00:00Z,jp,uaqi,Universal AQI,61,317.58,0.02,36.04,29.51,2,27.55
2025-04-26T14:00:00Z,jp,uaqi,Universal AQI,55,236.73,0.04,50.32,33.07,2,32.49
2025-04-26T13:00:00Z,jp,uaqi,Universal AQI,60,236.9,0.04,41.5,44.24,1.01,29.47
2025-04-26T12:00:00Z,jp,uaqi,Universal AQI,62,235.74,1.85,41.77,41.96,1.66,27.63
2025-04-26T11:00:00Z,jp,uaqi,Universal AQI,52,235.47,0.99,21.35,59.82,1.65,26.5
2025-04-26T10:00:00Z,jp,uaqi,Universal AQI,56,299.48,1.95,23.4,55.92,1.65,25.56
2025-04-26T09:00:00Z,jp,uaqi,Universal AQI,55,299.53,2.04,17.83,56.14,1,27.19
2025-04-26T08:00:00Z,jp,uaqi,Universal AQI,55,298.64,0.95,8.89,56.84,1,27.11
2025-04-26T07:00:00Z,jp,uaqi,Universal AQI,55,298.45,0.08,7.26,56.58,1,26.71
2025-04-26T06:00:00Z,jp,uaqi,Universal AQI,56,316.23,0.99,6.57,55.29,1,31.23
2025-04-26T05:00:00Z,jp,uaqi,Universal AQI,55,316.32,2.14,9.31,48.18,1.69,38.02
2025-04-26T04:00:00Z,jp,uaqi,Universal AQI,53,381.41,1.08,10.14,46.25,1.65,38.38
2025-04-26T03:00:00Z,jp,uaqi,Universal AQI,58,384.22,0.4,7,47.76,1.32,32.67
2025-04-26T02:00:00Z,jp,uaqi,Universal AQI,59,397.15,0.14,8.33,46.9,0.01,34.02
2025-04-26T01:00:00Z,jp,uaqi,Universal AQI,56,300.23,1.87,22.62,28.6,0.01,33.78
2025-04-26T00:00:00Z,jp,uaqi,Universal AQI,57,299.34,0.12,19.63,29.11,0,35.65
2025-04-25T23:00:00Z,jp,uaqi,Universal AQI,53,298.65,0.04,15.91,32.87,0,35.09
2025-04-27T23:00:00Z,jp,uaqi,Universal AQI,56,199.63,0.12,17.45,55.61,1,21.49
2025-04-27T22:00:00Z,jp,uaqi,Universal AQI,53,199.69,0,9.53,59.68,1,21.25
2025-04-27T21:00:00Z,jp,uaqi,Universal AQI,52,199.63,0,9.5,60.49,1,19.71
2025-04-27T20:00:00Z,jp,uaqi,Universal AQI,49,200.49,0,6.07,64.48,1,20.43
2025-04-27T19:00:00Z,jp,uaqi,Universal AQI,49,216.64,0,16.48,64.54,1,25.09
2025-04-27T18:00:00Z,jp,uaqi,Universal AQI,49,216.49,0,6.19,64.54,1.01,18.49
2025-04-27T17:00:00Z,jp,uaqi,Universal AQI,47,216.79,0,8.83,66.17,1,22.04
2025-04-27T16:00:00Z,jp,uaqi,Universal AQI,50,216.64,0,8.84,62.84,1,23.7
2025-04-27T15:00:00Z,jp,uaqi,Universal AQI,50,216.79,0,10.78,62.84,1,22.88
2025-04-27T14:00:00Z,jp,uaqi,Universal AQI,51,216.35,0,15.25,61.21,1,26.59
2025-04-27T13:00:00Z,jp,uaqi,Universal AQI,46,216.31,0,12.44,67.96,1,29.33
2025-04-27T12:00:00Z,jp,uaqi,Universal AQI,44,297.47,0,12.81,70.99,1.01,28.78
2025-04-27T11:00:00Z,jp,uaqi,Universal AQI,40,216.51,0.02,8.24,75.52,1.01,27.12
2025-04-27T10:00:00Z,jp,uaqi,Universal AQI,38,299.13,0.02,5.46,79.5,1.01,28.01
2025-04-27T09:00:00Z,jp,uaqi,Universal AQI,37,299.14,0.02,5.83,81.01,1.01,27.36
2025-04-27T08:00:00Z,jp,uaqi,Universal AQI,44,299.29,0.99,11.49,69.84,1.01,29.1
2025-04-27T07:00:00Z,jp,uaqi,Universal AQI,53,299.51,2.08,13.92,58.94,2.01,27.12
2025-04-27T06:00:00Z,jp,uaqi,Universal AQI,58,316.63,2.14,14.56,52.44,2.01,30.64
2025-04-27T05:00:00Z,jp,uaqi,Universal AQI,60,398.51,2.02,11.65,49.07,2.01,32.09
2025-04-27T04:00:00Z,jp,uaqi,Universal AQI,59,398.53,2.1,12.44,45.4,1.66,31.29
2025-04-27T03:00:00Z,jp,uaqi,Universal AQI,60,415.69,4.06,16.61,37.15,2,33.25
2025-04-27T02:00:00Z,jp,uaqi,Universal AQI,57,398.78,4.59,23.01,33.52,1.65,33.8
2025-04-27T01:00:00Z,jp,uaqi,Universal AQI,62,398.17,1.91,20.76,26.7,1,34.03
2025-04-27T00:00:00Z,jp,uaqi,Universal AQI,57,398.14,0,17.87,30.08,0.01,31.03
2025-04-26T23:00:00Z,jp,uaqi,Universal AQI,58,398.78,0.04,15.63,33.77,0.01,30.78
2025-04-28T23:00:00Z,jp,uaqi,Universal AQI,63,217.56,0,11.17,46.33,0.01,18.61
2025-04-28T22:00:00Z,jp,uaqi,Universal AQI,62,216.23,0,5.84,47.5,0.01,17.44
2025-04-28T21:00:00Z,jp,uaqi,Universal AQI,71,298.96,0,10.11,26.79,0.01,23.6
2025-04-28T20:00:00Z,jp,uaqi,Universal AQI,70,298.56,0.02,15.16,21.14,0.65,23.02
2025-04-28T19:00:00Z,jp,uaqi,Universal AQI,73,299.33,0,15.82,22.32,0.65,22.62
2025-04-28T18:00:00Z,jp,uaqi,Universal AQI,74,298.6,0.02,15.88,22.09,0.65,21.35
2025-04-28T17:00:00Z,jp,uaqi,Universal AQI,73,380.44,0.14,24.68,16.13,0.65,20.09
2025-04-28T16:00:00Z,jp,uaqi,Universal AQI,75,463.26,1.31,32.34,8.83,0.01,18.94
2025-04-28T15:00:00Z,jp,uaqi,Universal AQI,75,381.87,0.17,32.97,14.5,0.65,19.85
2025-04-28T14:00:00Z,jp,uaqi,Universal AQI,78,381.2,0.04,29.18,15.1,1,16.2
2025-04-28T13:00:00Z,jp,uaqi,Universal AQI,74,316.65,0.02,30.53,25.32,1,19.54
2025-04-28T12:00:00Z,jp,uaqi,Universal AQI,69,315.68,0.04,25.86,39.58,1,19.33
2025-04-28T11:00:00Z,jp,uaqi,Universal AQI,57,218.31,0.1,14.67,53.5,1,19.42
2025-04-28T10:00:00Z,jp,uaqi,Universal AQI,64,299.49,1.26,25.05,44.84,1.65,26.71
2025-04-28T09:00:00Z,jp,uaqi,Universal AQI,68,219.15,2.46,28.41,40.23,1.65,23.94
2025-04-28T08:00:00Z,jp,uaqi,Universal AQI,63,219.09,0.49,20.2,46.35,1.65,23.95
2025-04-28T07:00:00Z,jp,uaqi,Universal AQI,60,299.2,1.28,18.48,49.94,1.65,24.02
2025-04-28T06:00:00Z,jp,uaqi,Universal AQI,57,299.48,1.45,15.58,54.11,1.65,24.89
2025-04-28T05:00:00Z,jp,uaqi,Universal AQI,55,217.59,3.29,17.61,56.02,1.01,23.73
2025-04-28T04:00:00Z,jp,uaqi,Universal AQI,55,298.69,2.44,17.43,56.15,1.65,21.6
2025-04-28T03:00:00Z,jp,uaqi,Universal AQI,61,299.64,1.93,24.67,49.15,1.01,20.66
2025-04-28T02:00:00Z,jp,uaqi,Universal AQI,56,299.44,0.14,15.11,55.16,1,19.24
2025-04-28T01:00:00Z,jp,uaqi,Universal AQI,60,299.03,0.12,21.25,49.87,1.01,23.27
2025-04-28T00:00:00Z,jp,uaqi,Universal AQI,57,201.05,0.18,17.38,54.66,1.01,21.59
2025-04-27T23:00:00Z,jp,uaqi,Universal AQI,56,199.63,0.12,17.45,55.61,1,21.49
2025-04-29T23:00:00Z,jp,uaqi,Universal AQI,59,298.63,0.16,18.66,32.05,0,29.7
2025-04-29T22:00:00Z,jp,uaqi,Universal AQI,61,298.63,0.04,14.98,36.02,0,29.41
2025-04-29T19:00:00Z,jp,uaqi,Universal AQI,60,299.33,0,8.54,50.24,0.01,29.1
2025-04-29T18:00:00Z,jp,uaqi,Universal AQI,56,217.49,0,7.82,55.23,0,30.87
2025-04-29T17:00:00Z,jp,uaqi,Universal AQI,55,298.63,0,7.86,56.99,0.01,32.88
2025-04-29T16:00:00Z,jp,uaqi,Universal AQI,55,299.37,0,9.2,57.06,0.01,32.28
2025-04-29T15:00:00Z,jp,uaqi,Universal AQI,55,298.67,0,11.46,56.02,0.01,34.02
2025-04-29T14:00:00Z,jp,uaqi,Universal AQI,55,298.39,0.04,7.98,56.97,0,28.66
2025-04-29T13:00:00Z,jp,uaqi,Universal AQI,55,299.09,0,7.21,56.94,0.01,27.82
2025-04-29T12:00:00Z,jp,uaqi,Universal AQI,55,297.58,0.1,10,57.21,0.65,18.82
2025-04-29T11:00:00Z,jp,uaqi,Universal AQI,52,216.39,0.02,3.18,60.16,0.01,14.77
2025-04-29T10:00:00Z,jp,uaqi,Universal AQI,53,297.58,0.06,6.34,59.28,0.01,17.74
2025-04-29T09:00:00Z,jp,uaqi,Universal AQI,54,216.33,0.06,6.22,58.23,0.01,16.92
2025-04-29T08:00:00Z,jp,uaqi,Universal AQI,57,216.4,0.17,7.71,54.18,0.66,18.31
2025-04-29T07:00:00Z,jp,uaqi,Universal AQI,56,216.36,0.12,4.69,55.96,0.01,19.18
2025-04-29T06:00:00Z,jp,uaqi,Universal AQI,57,216.23,0,4.21,54.18,0.01,16.15
2025-04-29T05:00:00Z,jp,uaqi,Universal AQI,59,216.34,0,1.96,52.23,0.01,10.73
2025-04-29T04:00:00Z,jp,uaqi,Universal AQI,59,216.65,0.02,6.54,52.03,0.01,17.22
2025-04-29T03:00:00Z,jp,uaqi,Universal AQI,59,298.56,0.1,8.84,51.11,0.01,17.11
2025-04-29T02:00:00Z,jp,uaqi,Universal AQI,61,298.96,0.06,9.71,49.63,0.01,21
2025-04-29T01:00:00Z,jp,uaqi,Universal AQI,63,299.27,0.04,10.57,47.04,0.01,19.91
2025-04-29T00:00:00Z,jp,uaqi,Universal AQI,72,298.26,0,12.99,35.46,0,20.34
2025-04-28T23:00:00Z,jp,uaqi,Universal AQI,63,217.56,0,11.17,46.33,0.01,18.61
2025-04-30T23:00:00Z,jp,uaqi,Universal AQI,63,381.1,0.28,39.25,11.67,0.01,27.94
2025-04-30T22:00:00Z,jp,uaqi,Universal AQI,62,381.27,0.06,30.19,19.81,0.65,28.6
2025-04-30T21:00:00Z,jp,uaqi,Universal AQI,64,380.53,0.02,23.92,29.16,0.35,28.08
2025-04-30T20:00:00Z,jp,uaqi,Universal AQI,64,299.66,0,21.31,35.72,1,28.95
2025-04-30T19:00:00Z,jp,uaqi,Universal AQI,62,299.84,0,23.5,37.67,0.66,29.11
2025-04-30T18:00:00Z,jp,uaqi,Universal AQI,59,219.11,0.02,28.15,34.39,1,29.57
2025-04-30T17:00:00Z,jp,uaqi,Universal AQI,62,300.82,0.04,39.43,26.74,1,31.36
2025-04-30T16:00:00Z,jp,uaqi,Universal AQI,69,318.36,0.02,32.38,33.05,1.36,25.07
2025-04-30T15:00:00Z,jp,uaqi,Universal AQI,55,317.41,5.81,42.46,35.71,1.36,34.6
2025-04-30T14:00:00Z,jp,uaqi,Universal AQI,64,300.71,0,30.05,41.2,1.02,27.34
2025-04-30T13:00:00Z,jp,uaqi,Universal AQI,63,299.87,0.93,45.33,36.65,1.01,29.28
2025-04-30T12:00:00Z,jp,uaqi,Universal AQI,56,299.88,5.59,63.17,31.5,1.65,33.41
2025-04-30T11:00:00Z,jp,uaqi,Universal AQI,50,299.42,1.17,28.47,62.54,1,32.52
2025-04-30T10:00:00Z,jp,uaqi,Universal AQI,41,300.44,2.33,18.59,73.89,1.65,31.98
2025-04-30T09:00:00Z,jp,uaqi,Universal AQI,50,300.14,4.01,25.93,62.31,1.66,33.03
2025-04-30T08:00:00Z,jp,uaqi,Universal AQI,53,300.54,3.22,19.21,59.68,0.66,33.22
2025-04-30T07:00:00Z,jp,uaqi,Universal AQI,54,299.72,2.07,15.79,56.47,0.66,34.33
2025-04-30T06:00:00Z,jp,uaqi,Universal AQI,55,299.62,4.96,20.38,49.5,0.66,38.92
2025-04-30T05:00:00Z,jp,uaqi,Universal AQI,58,316.31,5.53,19.62,45.97,1,34.19
2025-04-30T04:00:00Z,jp,uaqi,Universal AQI,61,316.1,3.32,11.23,48.88,0.66,25.21
2025-04-30T03:00:00Z,jp,uaqi,Universal AQI,61,300.21,1.13,13.33,49.71,0.66,31.78
2025-04-30T02:00:00Z,jp,uaqi,Universal AQI,64,317.51,1.95,17.75,41.65,0.01,31.73
2025-04-30T01:00:00Z,jp,uaqi,Universal AQI,65,381.35,1.22,21.42,35.26,0.01,30.4
2025-04-30T00:00:00Z,jp,uaqi,Universal AQI,61,298.65,1.93,34.42,16.36,0,28.63
2025-04-29T23:00:00Z,jp,uaqi,Universal AQI,59,298.63,0.16,18.66,32.05,0,29.7
2025-05-01T23:00:00Z,jp,uaqi,Universal AQI,57,199.34,0,12.37,54.45,0.65,17.4
2025-05-01T22:00:00Z,jp,uaqi,Universal AQI,55,199.43,0.04,8.3,56.41,0.65,17.38
2025-05-01T21:00:00Z,jp,uaqi,Universal AQI,58,199.63,0,9.69,53.36,0.66,18.49
2025-05-01T20:00:00Z,jp,uaqi,Universal AQI,67,216.14,0,13.15,41.13,1,18.8
2025-05-01T19:00:00Z,jp,uaqi,Universal AQI,60,216.17,0,27.02,50.29,0.65,24.62
2025-05-01T18:00:00Z,jp,uaqi,Universal AQI,60,199.6,0,11.66,50.63,0.65,21.47
2025-05-01T17:00:00Z,jp,uaqi,Universal AQI,58,199.81,0.02,10.62,52.65,0.66,25.07
2025-05-01T16:00:00Z,jp,uaqi,Universal AQI,67,199.68,0.1,20.49,41.83,0.66,25.2
2025-05-01T15:00:00Z,jp,uaqi,Universal AQI,62,216.41,0.02,17.4,48.39,0.66,25.6
2025-05-01T14:00:00Z,jp,uaqi,Universal AQI,53,216.49,0.06,9.58,59.12,0.66,23.99
2025-05-01T13:00:00Z,jp,uaqi,Universal AQI,53,216.79,0.06,14.93,58.58,0.66,26.82
2025-05-01T12:00:00Z,jp,uaqi,Universal AQI,47,216.76,0.06,6.49,66.09,0.66,25.58
2025-05-01T11:00:00Z,jp,uaqi,Universal AQI,48,216.43,0.06,8.82,65.46,0.66,28.33
2025-05-01T10:00:00Z,jp,uaqi,Universal AQI,47,216.46,0.31,8.39,66.16,1,33.51
2025-05-01T09:00:00Z,jp,uaqi,Universal AQI,51,298.45,1.07,12.18,61.26,1.66,26.16
2025-05-01T08:00:00Z,jp,uaqi,Universal AQI,51,298.45,1.2,12.03,62.09,2,26.13
2025-05-01T07:00:00Z,jp,uaqi,Universal AQI,55,298.74,2.28,14.19,56.28,1.35,27.93
2025-05-01T06:00:00Z,jp,uaqi,Universal AQI,55,298.77,2.39,15.16,56.44,1.35,31.52
2025-05-01T05:00:00Z,jp,uaqi,Universal AQI,58,299.46,3.27,18.48,53.4,1.01,31.47
2025-05-01T04:00:00Z,jp,uaqi,Universal AQI,58,299.43,4.42,25.77,45.56,1,30.98
2025-05-01T03:00:00Z,jp,uaqi,Universal AQI,60,316.16,2.07,19.9,45.07,1,31.87
2025-05-01T02:00:00Z,jp,uaqi,Universal AQI,59,316.32,3.01,22.56,39.08,1,31.54
2025-05-01T01:00:00Z,jp,uaqi,Universal AQI,63,398.86,4.02,34.7,23.91,1,30.51
2025-05-01T00:00:00Z,jp,uaqi,Universal AQI,63,380.99,3.76,43.07,10.27,0.35,29.67
2025-04-30T23:00:00Z,jp,uaqi,Universal AQI,63,381.1,0.28,39.25,11.67,0.01,27.94
2025-05-02T23:00:00Z,jp,uaqi,Universal AQI,63,217.57,0,7.3,47.06,0,15.02
2025-05-02T22:00:00Z,jp,uaqi,Universal AQI,61,217.57,0,7.3,49.05,0,16.61
2025-05-02T21:00:00Z,jp,uaqi,Universal AQI,64,217.57,0,7.21,45.78,0,16.53
2025-05-02T20:00:00Z,jp,uaqi,Universal AQI,62,218.45,0,5.22,47.29,0.01,19.33
2025-05-02T19:00:00Z,jp,uaqi,Universal AQI,66,299.16,0,7.48,43.38,0.01,18.9
2025-05-02T18:00:00Z,jp,uaqi,Universal AQI,62,299.6,0,5.41,47.92,0.01,20.6
2025-05-02T17:00:00Z,jp,uaqi,Universal AQI,59,299.31,0,5.37,51.06,0.65,19.16
2025-05-02T16:00:00Z,jp,uaqi,Universal AQI,65,298.74,0,11.89,43.98,0.65,23.48
2025-05-02T15:00:00Z,jp,uaqi,Universal AQI,65,298.74,0,12.18,43.98,0.65,22.58
2025-05-02T14:00:00Z,jp,uaqi,Universal AQI,62,299.34,0,8.06,48.19,0.65,19.72
2025-05-02T13:00:00Z,jp,uaqi,Universal AQI,61,218.31,0,6.45,49.37,0.65,20.25
2025-05-02T12:00:00Z,jp,uaqi,Universal AQI,56,282.54,1.08,12.44,55.79,1.3,15.9
2025-05-02T11:00:00Z,jp,uaqi,Universal AQI,51,298.83,0.6,12.29,61.88,2,16.33
2025-05-02T10:00:00Z,jp,uaqi,Universal AQI,48,218.08,0.63,7.42,65.72,1.01,16.56
2025-05-02T09:00:00Z,jp,uaqi,Universal AQI,49,216.76,0.56,5.82,64.04,1,9.92
2025-05-02T08:00:00Z,jp,uaqi,Universal AQI,53,216.54,1.66,13.89,59.5,1,13.56
2025-05-02T07:00:00Z,jp,uaqi,Universal AQI,62,216.38,4.28,18.73,48.02,1.65,15.47
2025-05-02T06:00:00Z,jp,uaqi,Universal AQI,63,216.98,4.04,18.85,46.93,0.65,13.45
2025-05-02T05:00:00Z,jp,uaqi,Universal AQI,65,217.46,2.71,18.04,44.3,0.65,13.25
2025-05-02T04:00:00Z,jp,uaqi,Universal AQI,59,217.69,0.18,11.19,51.69,0.01,12.84
2025-05-02T03:00:00Z,jp,uaqi,Universal AQI,59,217.07,0.1,14,51.14,0.01,14.61
2025-05-02T02:00:00Z,jp,uaqi,Universal AQI,61,202.09,0.14,19.2,49.15,0.65,18.48
2025-05-02T01:00:00Z,jp,uaqi,Universal AQI,61,199.52,0.18,18.03,49.65,0.01,16.86
2025-05-02T00:00:00Z,jp,uaqi,Universal AQI,60,199.43,0.08,13.34,50.86,0.65,16.38
2025-05-01T23:00:00Z,jp,uaqi,Universal AQI,57,199.34,0,12.37,54.45,0.65,17.4
2025-05-03T23:00:00Z,jp,uaqi,Universal AQI,57,218.24,0,5.42,53.6,1.01,20.12
2025-05-03T22:00:00Z,jp,uaqi,Universal AQI,56,216.33,0,4.81,55.11,0.66,20.11
2025-05-03T21:00:00Z,jp,uaqi,Universal AQI,57,199.63,0,4.5,54.36,0.66,19.49
2025-05-03T20:00:00Z,jp,uaqi,Universal AQI,53,199.58,0,4.5,59.1,0.66,17.56
2025-05-03T19:00:00Z,jp,uaqi,Universal AQI,50,199.61,0,4.12,63.36,0.66,20.32
2025-05-03T18:00:00Z,jp,uaqi,Universal AQI,49,200.38,0,4.86,63.55,0.66,24.11
2025-05-03T17:00:00Z,jp,uaqi,Universal AQI,50,216.48,0,5.92,63.44,1,20.78
2025-05-03T16:00:00Z,jp,uaqi,Universal AQI,50,216.47,0,6.79,63.32,1,19.54
2025-05-03T15:00:00Z,jp,uaqi,Universal AQI,50,233.31,0,5.64,63.41,1,21.85
2025-05-03T14:00:00Z,jp,uaqi,Universal AQI,51,216.72,0,8.03,61.77,0.66,25.66
2025-05-03T13:00:00Z,jp,uaqi,Universal AQI,48,217.55,0.04,6.93,65.27,0.66,25.42
2025-05-03T12:00:00Z,jp,uaqi,Universal AQI,46,298.67,0,7.88,67.53,0.66,19.85
2025-05-03T11:00:00Z,jp,uaqi,Universal AQI,46,298.41,0.06,8.92,67.47,1.01,19.66
2025-05-03T10:00:00Z,jp,uaqi,Universal AQI,45,298.44,0.06,6.42,68.93,0.66,19.12
2025-05-03T09:00:00Z,jp,uaqi,Universal AQI,49,298.41,0.06,5.47,64.29,0.66,16.12
2025-05-03T08:00:00Z,jp,uaqi,Universal AQI,51,298.64,1.28,7.47,61.93,0.66,19.01
2025-05-03T07:00:00Z,jp,uaqi,Universal AQI,54,219.69,1.87,10.42,57.88,1.01,17.54
2025-05-03T06:00:00Z,jp,uaqi,Universal AQI,57,238.91,3.59,15.44,54.3,2.05,22.4
2025-05-03T05:00:00Z,jp,uaqi,Universal AQI,60,400.07,1.87,11.35,50.93,2.66,24.46
2025-05-03T04:00:00Z,jp,uaqi,Universal AQI,63,467,1.96,10.94,46.59,2.65,22.57
2025-05-03T03:00:00Z,jp,uaqi,Universal AQI,65,382.67,1.06,10.75,44.34,1.96,19.89
2025-05-03T02:00:00Z,jp,uaqi,Universal AQI,65,381.11,0.12,9.21,44.08,1.3,20.31
2025-05-03T01:00:00Z,jp,uaqi,Universal AQI,76,299.44,1.03,15.21,30.78,0,20.7
2025-05-03T00:00:00Z,jp,uaqi,Universal AQI,75,299.39,0.04,15.82,31.64,0,16.18
2025-05-02T23:00:00Z,jp,uaqi,Universal AQI,63,217.57,0,7.3,47.06,0,15.02
