date,contrail_count
20250430125800,0
20250430004800,0
20250429200400,0
20250502143000,0
20250502163500,0
20250430025300,0
20250503055500,0
20250501061900,0
20250503133900,0
20250429231500,0
20250503160500,0
20250503192800,0
20250502042600,0
20250502125100,0
20250430013000,0
20250430234300,0
20250430234000,0
20250502213100,0
20250501000500,0
20250503155900,0
20250430140900,0
20250503182500,0
20250502195600,0
20250501012200,0
20250429201000,0
20250502200800,0
20250501204000,0
20250502202200,0
20250501164500,2
20250430100500,0
20250501024700,0
20250429174700,0
20250503161200,0
20250430154000,0
20250502062100,0
20250503214800,0
20250503054500,0
20250429153800,0
20250501134100,0
20250502111900,0
20250502074900,0
20250501071000,0
20250429191000,0
20250503190500,0
20250430154500,0
20250429135600,0
20250502174100,0
20250502031800,1
20250501192200,0
20250501211000,0
20250502071200,0
20250429144200,0
20250501065200,0
20250502112300,0
20250429205200,0
20250503122700,0
20250501003300,0
20250430044800,0
20250430090600,0
20250504012100,0
20250502233600,0
20250503053600,0
20250430013500,0
20250503002500,0
20250501133600,0
20250503212900,0
20250502195400,0
20250503183400,0
20250503015200,0
20250430134900,0
20250429132600,0
20250504001300,0
20250502165700,0
20250501195900,0
20250503220800,0
20250503232700,0
20250430152900,0
20250501230100,0
20250503045000,0
20250430065600,0
20250502205400,0
20250502035600,0
20250430041000,0
20250503132500,0
20250501153400,0
20250501165400,0
20250503063000,0
20250501153800,0
20250502095800,0
20250503061500,0
20250430173100,0
20250502154800,0
20250503024400,0
20250503120900,0
20250501015000,0
20250502102400,0
20250503184600,0
20250503062000,0
20250429194200,0
20250430004400,0
20250503132400,0
20250503194500,0
20250502110000,0
20250502124800,0
20250430000600,0
20250502123600,0
20250503185900,0
20250430104500,0
20250501194700,0
20250430080200,0
20250429162800,0
20250502080100,0
20250502010800,0
20250502023800,0
20250501021900,0
20250503033900,0
20250430084800,0
20250502073000,0
20250502165400,0
20250503012800,0
20250503190200,0
20250430161300,0
20250502111600,0
20250502041000,0
20250430055100,0
20250502101200,0
20250502195200,0
20250504023400,0
20250429202900,0
20250503014300,0
20250501101800,0
20250503043900,0
20250429215800,0
20250503072100,0
20250430100000,0
20250502080200,0
20250503190900,0
20250430235200,0
20250502083400,0
20250502060800,0
20250430225100,0
20250429135400,0
20250430012100,0
20250503135200,0
20250502223200,0
20250503090700,0
20250503084200,0
20250502191800,0
20250429230400,0
20250502150100,0
20250501072400,0
20250502080400,0
20250503215000,0
20250429175200,0
20250502164300,0
20250430173900,2
20250430230300,0
20250502025200,0
20250501232100,0
20250501193200,0
20250503062300,0
20250503175600,0
20250430062900,0
20250502223600,0
20250430143200,0
20250503105300,0
20250501072200,0
20250429202100,0
20250430134000,1
20250502154400,0
20250430083700,0
20250430001400,0
20250430000300,0
20250502181000,0
20250503172900,0
20250501025400,0
20250502212500,0
20250502234500,0
20250502112800,0
20250430183500,2
20250501052200,0
20250429143100,0
20250430010900,0
20250430120800,0
20250502170400,0
20250501030100,0
20250430110500,0
20250502205600,0
20250503213400,0
20250504014900,0
20250502114300,0
20250502082000,0
20250430053100,0
20250502103100,0
20250502180800,0
20250502154700,0
20250430190000,0
20250502105100,0
20250429181400,0
20250501165500,0
20250502082900,0
20250502114200,0
20250429232800,0
20250503025400,0
20250430224400,0
20250503165900,0
20250502035800,0
20250503213300,0
20250430222400,0
20250430195000,0
20250503192700,0
20250503114300,0
20250502070600,0
20250502000100,0
20250503014000,0
20250502062000,0
20250502131300,0
20250430090300,0
20250430125700,0
20250502112400,0
20250429163900,0
20250503185000,0
20250501030900,0
20250429171300,0
20250502175000,0
20250503172300,0
20250430051800,0
20250502015700,0
20250430133500,0
20250501011600,0
20250503001200,0
20250501024300,0
20250501064500,0
20250502014700,0
20250502125500,0
20250501102700,0
20250501190700,0
20250430075500,0
20250503044100,0
20250502051200,0
20250430032700,0
20250501061200,0
20250429224900,0
20250430175200,1
20250430232100,0
20250502063100,0
20250501113200,0
20250501125200,0
20250501130800,0
20250430213900,0
20250503162200,0
20250429153600,0
20250501193300,0
20250503153200,1
20250501055000,0
20250503024300,0
20250502041800,0
20250502074000,0
20250503222300,0
20250501121800,0
20250429194500,0
20250502022100,0
20250430121200,0
20250502184400,0
20250429190700,0
20250504020400,0
20250501002400,0
20250429143200,0
20250429153700,0
20250430064800,0
20250429163100,0
20250502032400,0
20250501024100,0
20250503140300,0
20250429224600,0
20250429152700,0
20250502033500,0
20250430154100,0
20250430102400,0
20250502220800,0
20250502203700,0
20250429161300,0
20250503054000,0
20250501112500,0
20250502063500,0
20250502081900,0
20250502133200,0
20250430022200,0
20250430094000,0
20250501175300,0
20250502194900,0
20250502162300,0
20250501002700,0
20250502115900,0
20250502215100,0
20250503145000,0
20250502030800,0
20250430141400,0
20250503012200,0
20250501191600,0
20250430161900,0
20250501144800,0
20250501214300,0
20250429223500,0
20250430021700,0
20250503001000,0
20250502012300,0
20250430000500,0
20250502060300,0
20250503130200,0
20250502043100,0
20250501054100,0
20250503124400,0
20250502122700,0
20250503215100,0
20250501134500,0
20250502095900,0
20250501003000,0
20250503025000,0
20250502150900,0
20250429203300,0
20250430025900,0
20250503174800,0
20250501045900,0
20250503031900,0
20250503014700,0
20250501013600,0
20250502131400,0
20250503100900,0
20250501051200,0
20250502184800,0
20250501074000,0
20250430045300,0
20250503193600,0
20250430011600,0
20250502171000,0
20250430011700,0
20250501141500,0
20250430231500,0
20250501022700,0
20250501063000,0
20250501023900,0
20250430133000,0
20250429181800,0
20250430120000,0
20250501164400,1
20250502225100,0
20250502225600,0
20250504012500,0
20250502104100,0
20250430170400,0
20250429191300,0
20250502011300,0
20250503002300,0
20250504010200,0
20250503222600,0
20250501200900,0
20250504000700,0
20250503161600,0
20250429155000,0
20250430042900,0
20250503003500,0
20250429170000,0
20250429183000,0
20250430191800,1
20250503092100,0
20250503044700,0
20250504010100,0
20250503074900,0
20250429141500,0
20250502034600,0
20250502113400,0
20250502201400,0
20250501002200,0
20250429153300,0
20250430164700,2
20250501175500,0
20250501105200,1
20250504025100,0
20250430074500,0
20250503082300,0
20250503063500,0
20250502094100,0
20250502195000,0
20250430235700,0
20250502074200,0
20250430122800,0
20250430194200,0
20250430061400,0
20250429234400,0
20250502164100,0
20250502113300,0
20250502040400,0
20250501041600,0
20250429173100,0
20250429170300,0
20250501131100,0
20250503103700,0
20250502145500,0
20250430062300,0
20250429232700,0
20250503125700,0
20250430224200,0
20250430082200,0
20250502165500,0
20250503172000,0
20250501083000,0
20250430073000,0
20250503181500,0
20250502113500,0
20250501075900,0
20250502013200,0
20250502075100,0
20250501182900,0
20250502195900,0
20250504022100,0
20250429164200,0
20250429162000,0
20250501224200,0
20250502235600,0
20250503133700,0
20250502034200,0
20250503021400,0
20250501133000,0
20250503081400,0
20250430075900,0
20250430163100,0
20250501190400,0
20250502161600,0
20250501234200,0
20250502171900,0
20250429145700,0
20250502060900,0
20250503022900,0
20250502122100,0
20250430232000,0
20250501233800,0
20250501163900,0
20250504014600,0
20250501005800,0
20250429223600,0
20250503225000,0
20250502165800,0
20250501121400,0
20250503032000,0
20250502154600,0
20250503000100,0
20250503032600,0
20250501031700,0
20250430053900,0
20250430220100,0
20250429213100,0
20250502142400,0
20250503060700,0
20250429154300,0
20250501015600,0
20250502045100,0
20250430143900,0
20250503101800,0
20250503062800,0
20250503060800,0
20250502135600,0
20250501021200,0
20250502014000,0
20250501030300,0
20250503090800,0
20250501235900,0
20250502160100,0
20250502065400,0
20250430054100,0
20250501233000,0
20250430013300,0
20250501182800,0
20250501223300,0
20250502004100,0
20250502023700,0
20250502040300,1
20250430112800,0
20250501053000,0
20250503222900,0
20250501051000,0
20250501165800,0
20250503102600,0
20250429152000,0
20250502183300,0
20250503072800,0
20250502094300,0
20250501102300,0
20250430152700,1
20250502222600,0
20250501223900,0
20250502152600,0
20250502121700,0
20250501014400,0
20250501072900,0
20250503090200,0
20250430015200,0
20250503175800,0
20250502072700,0
20250430032900,0
20250501055500,0
20250501043600,0
20250503095600,0
20250430065000,0
20250503075200,0
20250501164100,2
20250430213200,1
20250501173300,0
20250501070600,0
20250503190800,0
20250503021100,0
20250502093600,0
20250502034900,0
20250502230600,0
20250502102100,0
20250430191900,1
20250501134200,0
20250501115400,0
20250504024800,0
20250430043700,0
20250502160800,0
20250501074800,0
20250502173100,0
20250430125200,0
20250430103300,0
20250430114500,0
20250502005800,0
20250430160600,0
20250503063700,0
20250429142500,0
20250430132800,0
20250430140100,0
20250503081700,0
20250501185500,0
20250501091300,0
20250502032200,1
20250503223000,0
20250502012000,0
20250430190900,0
20250430173500,0
20250429143000,0
20250430020600,0
20250502072400,0
20250503155600,0
20250430142500,0
20250502112900,0
20250502044400,0
20250502084300,0
20250501062100,0
20250503172700,0
20250502212300,0
20250430172200,0
20250501203100,0
20250430192700,1
20250501221900,0
20250503102800,0
20250502011700,0
20250429135700,0
20250502095300,0
20250503113100,0
20250501074400,0
20250501072600,0
20250503180300,0
20250503125900,0
20250501164300,0
20250502214900,0
20250501104400,0
20250502035400,0
20250504014000,0
20250429232900,0
20250502065300,0
20250503132300,0
20250429203500,0
20250502105300,0
20250503195800,0
20250501221700,0
20250501125000,0
20250502193000,0
20250501092600,0
20250503125600,0
20250502025400,0
20250502010400,0
20250502124600,0
20250429131700,0
20250430030000,0
20250503120400,0
20250501173900,0
20250503042800,0
20250430044200,0
20250501020300,0
20250503231800,0
20250430165500,0
20250503181400,0
20250501102400,0
20250503005900,0
20250430105000,0
20250502092700,0
20250430102800,0
20250503103900,0
20250503072000,0
20250501174200,0
20250429235500,0
20250503120100,0
20250502154200,0
20250430145100,0
20250502133700,0
20250430215000,0
20250503211800,0
20250502132200,0
20250430124700,0
20250430212600,0
20250503224200,0
20250503110100,0
20250502041600,0
20250501081300,0
20250503081000,0
20250429234000,0
20250501072100,0
20250503091700,0
20250502105400,0
20250501170800,0
20250430120500,0
20250430133200,0
20250502021000,0
20250429175600,0
20250501063400,0
20250501075400,0
20250503164900,0
20250501082600,0
20250502052600,0
20250503213200,0
20250503224300,0
20250502120500,0
20250501155500,1
20250430033400,0
20250430102200,0
20250503044300,0
20250503061300,0
20250502083900,0
20250501104800,2
20250429231600,0
20250429183600,0
20250501184000,0
20250501080500,0
20250502194500,0
20250430082100,0
20250430011200,0
20250429164100,0
20250502120600,0
20250430103700,0
20250430023700,0
20250504000800,0
20250501165300,0
20250501075300,0
20250503102500,0
20250429231000,0
20250501074100,0
20250429144400,0
20250430150000,0
20250430090000,0
20250430112500,0
20250502174300,0
20250430181000,0
20250430033900,0
20250503022500,0
20250504002400,0
20250502013100,0
20250430234700,0
20250501225000,0
20250503072400,0
20250502175200,0
20250502003900,0
20250502085600,0
20250430050100,0
20250430215500,0
20250429200300,0
20250501084400,0
20250430034500,0
20250501043700,0
20250502040600,2
20250503011000,0
20250430142000,0
20250501093600,0
20250430071300,0
20250503000500,0
20250502034700,0
20250430102700,0
20250503042900,0
20250501230800,0
20250501173700,0
20250501025900,0
20250430033200,0
20250430120200,0
20250430070600,0
20250502051100,0
20250502141200,0
20250430162900,0
20250503170600,0
20250502122200,0
20250502182600,0
20250502033700,0
20250503020200,0
20250501145600,0
20250503230600,0
20250430031900,0
20250429200200,0
20250501090700,0
20250430145400,0
20250503223200,0
20250429164000,0
20250503234400,0
20250501225900,0
20250430065300,0
20250503090900,0
20250430145300,0
20250430145700,0
20250430182800,0
20250501020400,0
20250501060100,0
20250502002600,0
20250502022900,0
20250430011400,0
20250429170800,0
20250503165300,0
20250503071000,0
20250430042800,0
20250429203600,0
20250502174600,0
20250502124000,0
20250429133700,0
20250429193400,0
20250503193400,0
20250430211700,0
20250501180100,0
20250501203800,0
20250430141200,0
20250503011500,0
20250501211500,0
20250503095700,0
20250501013000,0
20250503022300,0
20250430140700,0
20250501021400,0
20250503011600,0
20250501114100,0
20250429180500,0
20250430205600,0
20250502193300,0
20250501122200,0
20250429193000,0
20250502144000,0
20250501130000,0
20250501222100,0
20250501230700,0
20250502022500,0
20250430191200,0
20250429220400,0
20250429144600,0
20250429201800,0
20250503064100,0
20250502164200,0
20250429212500,0
20250501182600,0
20250504021600,0
20250430213500,0
20250430124900,0
20250430103000,0
20250430142600,0
20250501054400,0
20250504021400,0
20250501233200,0
20250503034800,0
20250502053100,0
20250501195600,0
20250430202200,0
20250501173400,0
20250501071700,0
20250430022900,0
20250503113800,0
20250503010100,0
20250503071500,0
20250501183300,0
20250502191700,0
20250502073900,0
20250430162400,0
20250430131000,0
20250502075400,0
20250430014700,0
20250503023600,0
20250501050500,0
20250429223300,0
20250503131900,0
20250501163100,0
20250429215400,0
20250503110300,0
20250503123400,0
20250502151900,0
20250502055000,0
20250501130100,0
20250502063700,0
20250504031600,0
20250503045500,0
20250501011700,0
20250430081400,0
20250501192300,0
20250502092400,0
20250503133400,0
20250503035300,0
20250503023300,0
20250501205800,0
20250503114100,0
20250502124400,0
20250502071100,0
20250430153800,0
20250503095300,0
20250503121400,0
20250504013400,0
20250503151900,0
20250502082500,0
20250430013200,0
20250502085000,0
20250501014700,0
20250430114400,0
20250504012400,0
20250502140200,0
20250430053300,0
20250502201800,0
20250503045900,0
20250502090100,0
20250503031600,0
20250501104900,1
20250503075800,0
20250429202200,0
20250503195000,0
20250501043200,0
20250501181800,0
20250502120800,0
20250503222100,0
20250503161300,0
20250502192100,0
20250430150200,0
20250430185100,0
20250502000200,0
20250429164600,0
20250501033600,0
20250503160200,0
20250501043000,0
20250502104300,0
20250501074300,0
20250430124600,0
20250501003600,0
20250502181900,0
20250501224900,0
20250502234900,0
20250430083100,0
20250504024100,0
20250504023500,0
20250430024200,0
20250502074100,0
20250501193400,0
20250501180500,0
20250501080200,0
20250429140400,0
20250503004800,0
20250502142300,0
20250501114000,0
20250501015200,0
20250501060000,0
20250502115200,0
20250430220800,0
20250429145600,0
20250501165100,0
20250502015100,0
20250502115400,0
20250502012200,0
20250502115100,0
20250503153800,0
20250502182900,1
20250430000900,0
20250430060400,0
20250429184200,0
20250503173900,0
20250503001100,0
20250430030800,0
20250502204400,1
20250429195200,0
20250429212600,0
20250429160100,0
20250430174800,1
20250430114600,0
20250429184000,0
20250429135000,0
20250502105500,0
20250503100600,0
20250430130000,0
20250502004700,0
20250503005600,0
20250501171500,0
20250502234300,0
20250430205900,0
20250504011200,0
20250502200300,0
20250503183200,0
20250503095500,0
20250502044500,0
20250504014300,0
20250429214700,0
20250503190100,0
20250503000900,0
20250503041000,0
20250501084100,0
20250503092800,0
20250501005500,0
20250502090200,0
20250501094600,0
20250430025500,0
20250503194200,0
20250430162300,0
20250430175400,2
20250429204900,0
20250504020700,0
20250430004300,0
20250501212600,0
20250502120400,0
20250429185900,0
20250501202400,0
20250430070400,0
20250501000000,0
20250429233800,0
20250501165700,0
20250429224300,0
20250502071600,0
20250430032500,0
20250430085600,0
20250501063200,0
20250502074400,0
20250502131700,0
20250503175500,0
20250502205800,0
20250503151500,0
20250502131800,0
20250503130700,0
20250429172400,0
20250503082500,0
20250502110200,0
20250502202900,0
20250430135200,0
20250501161800,0
20250430234800,0
20250502162500,0
20250429235400,0
20250502211000,0
20250502075300,0
20250430012700,0
20250503171600,0
20250504012700,0
20250429231900,0
20250501183200,0
20250501055300,0
20250430161500,0
20250430104800,0
20250430232800,0
20250502034000,2
20250503052500,0
20250501234300,0
20250503084400,0
20250503165000,0
20250501040700,0
20250430073900,0
20250430155600,0
20250429165300,0
20250502234800,0
20250501042700,0
20250429143400,0
20250430020100,0
20250503030700,0
20250501012700,1
20250501033300,0
20250430152200,0
20250503182300,0
20250501215300,0
20250502004800,0
20250430050800,0
20250430005200,0
20250502172000,0
20250501110600,0
20250503174000,0
20250430010000,0
20250430053600,0
20250430072700,0
20250503015100,0
20250429221100,0
20250430175000,1
20250503085900,0
20250429144700,1
20250501055700,0
20250503013200,0
20250501103400,2
20250503053000,0
20250501114900,0
20250429220900,0
20250502070700,0
20250501025000,0
20250501041800,0
20250501043900,0
20250502053500,0
20250430211300,0
20250502195500,0
20250503083100,0
20250430125900,0
20250501012600,0
20250504000500,0
20250503121500,0
20250502023500,0
20250502225800,0
20250502100600,0
20250429202800,0
20250503220300,0
20250429212300,0
20250501180000,0
20250430085800,0
20250430185600,0
20250429160700,0
20250429231200,0
20250501154300,0
20250501124300,0
20250502152200,0
20250503065200,0
20250503094800,0
20250501144100,0
20250502004000,0
20250501155300,0
20250502200400,1
20250502112600,0
20250502052500,0
20250503013500,0
20250429225300,0
20250502101900,0
20250501111600,0
20250502121300,0
20250501021300,0
20250502152400,0
20250430175900,0
20250430222200,0
20250502013400,0
20250502100800,0
20250502120700,0
20250501182400,0
20250430110000,0
20250501215700,0
20250430080100,0
20250430010100,0
20250504000100,0
20250501065100,0
20250502074700,0
20250503030500,0
20250502104700,0
20250430045400,0
20250501031000,0
20250502122800,0
20250501020600,0
20250501235800,0
20250501231800,0
20250502173000,0
20250501084600,0
20250429225500,0
20250430074300,0
20250502022400,0
20250502153000,0
20250504010800,0
20250504025500,0
20250502051800,0
20250501084000,0
20250503111300,0
20250503050800,0
20250430013900,0
20250502031600,0
20250501220700,0
20250429153400,0
20250430064400,0
20250502080800,0
20250503055000,0
20250429234500,0
20250501155200,2
20250501002900,0
20250502111100,0
20250503113600,0
20250429201200,0
20250501124700,0
20250429140500,0
20250429140100,0
20250504000600,0
20250430021600,0
20250501140600,0
20250502091100,0
20250502070900,0
20250430053400,0
20250502202400,0
20250502230800,0
20250503063900,0
20250503082800,0
20250501103900,1
20250504030100,0
20250503051000,0
20250501171700,0
20250504011700,0
20250429173000,0
20250501204700,0
20250502104400,0
20250502103900,0
20250502070500,0
20250502164500,0
20250501030500,0
20250501184100,0
20250503194800,0
20250503161000,0
20250503025700,0
20250501044000,0
20250429210200,0
20250501004200,0
20250501192500,0
20250430010600,0
20250501093300,0
20250502054900,0
20250504004600,0
20250501030200,0
20250502024000,0
20250503141700,0
20250501145700,0
20250502011800,0
20250502090000,0
20250502081000,0
20250503060000,0
20250502234200,0
20250503080300,0
20250429200000,0
20250501153900,2
20250501013400,0
20250430141800,0
20250502005300,0
20250503123200,2
20250501102600,0
20250429174000,0
20250503192000,0
20250501044900,0
20250504015800,0
20250502203300,0
20250430111800,0
20250501212900,0
20250501075700,0
20250503134600,0
20250429225800,0
20250429133600,0
20250430082700,0
20250501204600,0
20250501130600,0
20250429175500,0
20250503100500,0
20250503062700,0
20250502200600,0
20250430044000,0
20250501022200,0
20250501075600,0
20250503065600,0
20250503180600,0
20250501221800,0
20250503112800,0
20250504020500,0
20250501041000,0
20250501063600,0
20250502065800,0
20250501054700,0
20250504015900,0
20250502130300,0
20250430101400,0
20250501113700,0
20250501100800,0
20250501114600,0
20250503072300,0
20250503044500,0
20250430104200,0
20250502090800,0
20250503083000,0
20250429150900,0
20250503131100,0
20250429230900,0
20250501105900,0
20250503002600,0
20250502174900,0
20250430003100,0
20250503080400,0
20250430010300,0
20250430110300,0
20250430000800,0
20250501000600,0
20250502180200,0
20250503104300,0
20250430104000,0
20250501145300,0
20250502212400,0
20250501115800,0
20250430162600,0
20250503110500,0
20250502162100,0
20250430234100,0
20250503115000,0
20250501133100,0
20250502001000,0
20250502151800,0
20250429221500,0
20250502185100,0
20250502115500,0
20250501091800,0
20250502223800,0
20250501170900,0
20250429160600,0
20250501085000,0
20250501090500,0
20250502012800,0
20250502142000,0
20250430020700,0
20250502002500,0
20250501053400,0
20250502153100,0
20250429143900,0
20250429135500,0
20250502192900,0
20250429203000,0
20250504032000,0
20250501064900,0
20250501204100,0
20250429161000,0
20250430211800,0
20250501090400,0
20250503214000,0
20250502152800,0
20250502114000,0
20250429232000,0
20250502011600,0
20250502032800,0
20250503232300,0
20250502210700,0
20250503175100,0
20250430083500,0
20250429132400,0
20250430073400,0
20250503113300,0
20250502183200,1
20250502020400,0
20250501091700,0
20250502123400,0
20250501090800,0
20250501175000,0
20250501213400,0
20250502013800,0
20250430211600,0
20250429183200,0
20250502125700,0
20250430164300,1
20250430234600,0
20250503025300,0
20250501114300,0
20250501023200,0
20250430083000,0
20250501015400,0
20250503131200,0
20250503012600,0
20250429174400,0
20250502033200,0
20250429162100,0
20250501203000,0
20250501095400,0
20250502050800,0
20250503055400,0
20250429131500,0
20250501093700,0
20250502103600,0
20250430101700,0
20250502134300,0
20250429182600,0
20250501042600,0
20250502215800,0
20250501052500,0
20250501210500,0
20250502195300,1
20250429150500,0
20250503064600,0
20250503100700,0
20250430180000,0
20250503082000,0
20250430180800,0
20250502223300,0
20250430155400,0
20250430075700,0
20250503153000,0
20250501150100,0
20250429134400,0
20250501163600,1
20250502222400,0
20250503115200,0
20250503160400,0
20250430160800,0
20250501125900,0
20250501111500,0
20250503090100,0
20250501142100,0
20250502115300,0
20250501062400,0
20250430230100,0
20250430102300,0
20250502124500,0
20250430114000,0
20250430004000,0
20250501083900,0
20250430202300,0
20250502151200,0
20250502233000,0
20250429162300,0
20250501001700,0
20250502010000,0
20250430054200,0
20250502050200,0
20250501111100,0
20250502170100,0
20250502081200,0
20250429161800,0
20250502153900,0
20250429145100,0
20250430115200,1
20250501235400,0
20250501191200,0
20250503145700,0
20250502162700,0
20250501192000,0
20250502024300,1
20250430154400,0
20250501233900,0
20250503125800,0
20250501174700,0
20250503055200,0
20250503093700,0
20250502054600,0
20250503140600,0
20250502015300,0
20250504030000,0
20250503070300,0
20250502170900,0
20250502211400,0
20250504022700,0
20250501010200,0
20250503212700,0
20250502141800,0
20250501121700,0
20250502082700,0
20250502111300,0
20250501065500,1
20250430175800,2
20250502072600,0
20250502214800,0
20250429171700,0
20250502234700,0
20250502161200,0
20250429192500,0
20250501182100,0
20250429165500,0
20250502021500,0
20250501131900,0
20250430100900,0
20250430125300,0
20250429153000,0
20250501003700,0
20250502102700,0
20250501154900,2
20250429214600,0
20250430005700,0
20250502064800,0
20250504002600,0
20250502134000,0
20250503163300,0
20250501094400,0
20250501103300,2
20250501161500,0
20250502110300,0
20250430081900,0
20250503010000,0
20250501094200,0
20250503212100,0
20250430050600,0
20250430072100,0
20250502154300,0
20250501132200,0
20250503035200,0
20250429220600,0
20250429132800,0
20250430153600,0
20250501161300,0
20250503043200,0
20250430043600,0
20250501174900,0
20250502024700,0
20250502234000,0
20250502184000,1
20250430191600,1
20250503134700,0
20250502152000,0
20250501100500,0
20250502081500,0
20250430141500,0
20250502181100,0
20250501071500,0
20250502010600,0
20250501035900,0
20250501100200,0
20250502184700,0
20250502173600,0
20250429180900,0
20250503024000,0
20250501171100,0
20250430131200,0
20250502215300,0
20250502040100,1
20250429173800,0
20250501064800,0
20250503161500,0
20250501070200,0
20250503211200,0
20250502091600,0
20250430135800,0
20250430225200,0
20250501205300,0
20250503210500,0
20250502042000,0
20250502051400,0
20250501120700,0
20250430172700,0
20250501223100,0
20250430084200,0
20250502135000,0
20250502044700,0
20250501020900,0
20250430145200,0
20250501035800,0
20250501044700,0
20250502034800,0
20250430194500,0
20250503162400,0
20250430103200,0
20250501210600,0
20250430001800,0
20250501060500,0
20250429223800,0
20250502150000,0
20250501131000,0
20250502034500,0
20250429163700,0
20250502003500,0
20250429180200,0
20250504024200,0
20250430215900,0
20250501073300,0
20250502214600,0
20250501003800,0
20250502132800,0
20250501171800,0
20250430235600,0
20250429213800,0
20250501214500,0
20250503155700,0
20250502231500,0
20250430192100,1
20250430055000,0
20250429170400,0
20250503212600,0
20250429195100,0
20250503004600,0
20250504005300,0
20250502052400,0
20250501221300,0
20250430155800,0
20250501141900,0
20250430024400,0
20250430014900,0
20250502124700,0
20250430205800,1
20250502015500,0
20250502155200,0
20250501200600,0
20250429151300,0
20250501192700,0
20250429212200,0
20250430223200,0
20250430050000,0
20250502113900,0
20250503005500,0
20250503150000,0
20250502182300,0
20250503031100,0
20250501190000,0
20250502091000,0
20250502032300,0
20250502095200,0
20250429131600,0
20250502024900,0
20250501130400,0
20250501040000,0
20250430164800,1
20250503091200,0
20250501163500,1
20250502045500,0
20250502192700,0
20250503051200,0
20250502145200,0
20250430211100,0
20250502144400,0
20250430003200,0
20250501163300,0
20250430224100,0
20250501034600,0
20250504002200,0
20250503032900,0
20250501164600,2
20250430131600,0
20250502144600,0
20250502050700,0
20250502050900,0
20250429181300,0
20250503150500,0
20250503054800,0
20250501153000,0
20250429185100,0
20250503121800,0
20250502112500,0
20250503200300,0
20250503021000,0
20250430124400,0
20250501050900,0
20250429141300,0
20250504001900,0
20250502015200,0
20250430104900,0
20250502220000,0
20250430062700,0
20250501204400,0
20250503035000,0
20250430050900,0
20250502175900,0
20250502003600,0
20250429141400,0
20250430122000,0
20250502181600,0
20250501062000,0
20250503223900,0
20250501215200,0
20250502223400,0
20250503195700,0
20250503042300,0
20250430211900,0
20250502074300,0
20250501052600,0
20250502012400,0
20250501091400,0
20250430142400,0
20250430191000,0
20250502110800,0
20250430072500,0
20250503221900,0
20250501113000,0
20250503235300,0
20250430115600,0
20250430054000,0
20250502204300,0
20250430002500,0
20250503003200,0
20250429220100,0
20250502204800,0
20250503092900,0
20250503182100,0
20250501000100,0
20250502193800,0
20250501025100,0
20250502231100,0
20250430054600,0
20250429160500,0
20250502004400,0
20250502123900,0
20250429185300,0
20250430125600,0
20250503121000,0
20250502070000,0
20250501044200,0
20250503170100,0
20250501181200,0
20250503101400,0
20250501110900,0
20250501185600,0
20250501224000,0
20250501124200,0
20250504013000,0
20250501233700,0
20250430085200,0
20250503073100,0
20250503211600,0
20250502150400,0
20250430153400,0
20250430003900,0
20250430104100,0
20250501123200,0
20250430060300,0
20250503022600,0
20250429234600,0
20250501203200,0
20250503103500,0
20250429220800,0
20250430134200,0
20250501005100,0
20250502210500,0
20250429172900,0
20250429192700,0
20250430082500,0
20250503190600,0
20250430045500,0
20250502092300,0
20250502114900,0
20250501090300,0
20250501005000,0
20250502141300,0
20250501140100,0
20250430003600,0
20250429162400,0
20250430123000,0
20250430205700,1
20250502003000,0
20250502110700,0
20250503055700,0
20250503115400,0
20250502200200,0
20250503205500,0
20250503101200,0
20250502105800,0
20250430075300,0
20250501203500,0
20250430221100,0
20250430181100,0
20250502050000,0
20250430220200,0
20250430054800,0
20250501041100,0
20250430131800,0
20250502224400,0
20250430225500,0
20250501103700,2
20250429211200,0
20250430122900,0
20250504022400,0
20250430185700,0
20250502213000,0
20250501154000,0
20250430182300,0
20250503205600,0
20250430130400,0
20250502042300,0
20250430160500,0
20250502024100,0
20250503095100,0
20250502220200,0
20250430111300,0
20250501232200,0
20250502100000,0
20250429220300,0
20250504012800,0
20250502150200,0
20250501224400,0
20250430025700,0
20250501015500,0
20250503072900,0
20250501152700,0
20250502053400,0
20250503114000,0
20250429131800,0
20250501013200,0
20250501061500,0
20250501014100,0
20250502020600,0
20250502011900,0
20250502014600,0
20250504002100,0
20250502172400,0
20250503103400,0
20250429200500,0
20250430102900,0
20250501012500,0
20250430015000,0
20250502180500,0
20250430012200,0
20250430152600,0
20250502065900,0
20250503131000,0
20250503133800,0
20250501160000,0
20250502170200,0
20250503125300,0
20250502190600,1
20250502232000,0
20250503115300,0
20250501220300,0
20250430142300,0
20250502175300,0
20250503021900,0
20250503014200,0
20250429164900,0
20250501101900,0
20250429183800,0
20250430010800,0
20250504003100,0
20250430221700,0
20250430000100,0
20250503141900,0
20250503095800,0
20250430231300,0
20250501131800,0
20250429205300,0
20250430160200,0
20250503154300,0
20250503092000,0
20250502011100,0
20250502040000,0
20250429212900,0
20250430075600,0
20250501173100,0
20250501234100,0
20250502073600,0
20250502084500,0
20250502093700,0
20250430094200,0
20250430083900,0
20250429160900,0
20250430173000,0
20250503111400,0
20250430115100,1
20250430174100,2
20250502140900,0
20250503050500,0
20250502212600,0
20250503134800,0
20250430121500,0
20250502014300,0
20250502004500,0
20250430180300,0
20250501113500,0
20250502033900,0
20250430132000,0
20250504011500,0
20250503104700,0
20250430165100,0
20250430040400,0
20250503021600,0
20250504031100,0
20250501144900,0
20250502083000,0
20250501053200,0
20250502081600,0
20250429160000,0
20250503105500,0
20250501120000,0
20250501140700,0
20250502162900,0
20250502024800,2
20250501184600,0
20250503162800,0
20250429163600,0
20250501051100,0
20250429172600,0
20250502072500,0
20250502193900,0
20250430130300,0
20250502062600,0
20250430032400,0
20250503101900,0
20250503000600,0
20250429221400,0
20250429154200,0
20250430020800,0
20250502231800,0
20250501080600,0
20250430050500,0
20250502080500,0
20250430065700,0
20250502093100,0
20250501053700,0
20250501034100,0
20250503191400,0
20250430181200,0
20250430130500,0
20250502222000,0
20250502062800,0
20250503095000,0
20250501011300,0
20250430063400,0
20250430012900,0
20250502004900,0
20250502002000,0
20250503070100,0
20250503073800,0
20250502193200,0
20250430013600,0
20250501064600,0
20250502002400,0
20250503104500,0
20250430223000,0
20250503140700,0
20250502220500,0
20250503024800,0
20250501233500,0
20250502191400,0
20250501143300,0
20250430181800,0
20250503065900,0
20250503162300,0
20250430210900,0
20250502204700,0
20250503084100,0
20250430210400,1
20250503005000,0
20250429232500,0
20250502091700,0
20250429195900,0
20250503180100,0
20250502045800,0
20250502184200,0
20250501233400,0
20250504020200,0
20250503123600,0
20250502040200,2
20250502032900,0
20250429182200,0
20250503082600,0
20250502213400,0
20250501115700,0
20250430045700,0
20250502042500,1
20250502141600,0
20250501233300,0
20250429133200,0
20250430005600,0
20250429152100,0
20250502175600,0
20250501081400,0
20250501200300,0
20250501085800,0
20250501223200,0
20250501075800,0
20250501131700,0
20250502155900,0
20250430155300,0
20250502121800,0
20250503085700,0
20250502113800,0
20250501191000,0
20250430192200,1
20250502061200,0
20250430100300,0
20250429200900,0
20250501201400,0
20250503013700,0
20250429175100,0
20250503072600,0
20250429204700,0
20250430103400,1
20250503194700,0
20250503123300,2
20250429191800,0
20250430110200,0
20250504011000,0
20250502104500,0
20250429142300,0
20250501143400,0
20250502182400,0
20250430213600,0
20250501160600,0
20250503102100,1
20250503181900,0
20250502235900,0
20250502173200,0
20250430073600,0
20250502142800,0
20250429132100,0
20250503225100,0
20250430022600,0
20250503204600,0
20250430152500,0
20250503023700,0
20250430051400,0
20250501185800,0
20250430145900,0
20250502042200,0
20250501053800,0
20250503055100,0
20250430072800,0
20250429181900,0
20250429145900,0
20250429233700,0
20250502000900,0
20250503210300,0
20250430120300,0
20250503032100,0
20250430134500,0
20250501101100,0
20250503054200,0
20250503224000,0
20250503075900,0
20250501014500,0
20250430174200,2
20250430020900,0
20250430042700,0
20250430014100,0
20250503122300,0
20250502222300,0
20250503063300,0
20250430174900,0
20250503123100,1
20250504032500,0
20250429135800,0
20250501140500,0
20250430231700,0
20250502093500,0
20250502015600,0
20250430170900,0
20250503210600,0
20250501094300,0
20250503163800,1
20250430220300,0
20250501151100,0
20250501155000,2
20250429135200,0
20250503032200,0
20250503192900,0
20250503183900,0
20250429202000,0
20250503080000,0
20250430192300,1
20250502083200,0
20250501145900,0
20250429131900,0
20250501162700,0
20250430214600,0
20250430124300,0
20250503113700,0
20250430231400,0
20250501185300,0
20250503151200,0
20250501211600,0
20250501170300,0
20250503164000,0
20250501065700,1
20250502025500,0
20250430094400,0
20250501200200,0
20250502030900,0
20250430224300,0
20250501055200,0
20250501133700,0
20250502130500,0
20250430130200,0
20250429214300,0
20250429132900,0
20250502185000,0
20250430034300,0
20250502021900,0
20250504013200,0
20250502094000,0
20250501151300,0
20250430133400,0
20250502205500,0
20250502041300,0
20250503112200,0
20250502185200,0
20250430054400,0
20250502002100,0
20250503094100,0
20250502190500,1
20250501090600,0
20250430152800,0
20250503073400,0
20250502041100,0
20250502065600,0
20250503232400,0
20250430183400,0
20250501110700,0
20250502191100,0
20250502044100,1
20250430031300,0
20250430171800,0
20250501134600,0
20250501012000,0
20250429195600,0
20250503041100,0
20250430180500,0
20250503194600,0
20250501081000,0
20250430032100,0
20250430101300,0
20250502194100,0
20250501030400,0
20250503081300,0
20250502085700,0
20250503025200,0
20250502210000,0
20250429212000,0
20250429202300,0
20250503075500,0
20250504022900,0
20250429152900,0
20250502030000,0
20250430193700,0
20250501095200,0
20250429222100,0
20250503131600,0
20250430214800,0
20250430071500,0
20250501041700,0
20250429151800,0
20250503131800,0
20250502043000,0
20250430071800,0
20250501004900,0
20250429155300,0
20250429154000,0
20250502024200,0
20250430082600,0
20250502182100,0
20250502155500,0
20250502171100,0
20250503033700,0
20250430045600,0
20250501052100,0
20250503112600,0
20250501202200,0
20250430131300,0
20250429222900,0
20250503130600,0
20250503164300,0
20250502105600,0
20250502105200,0
20250429170100,0
20250430061200,0
20250503052300,0
20250430104300,0
20250502194600,0
20250502201000,0
20250503141600,0
20250503165600,0
20250502072900,0
20250503181800,0
20250501060900,0
20250430172400,0
20250501024600,0
20250503193300,0
20250501085200,0
20250501175600,0
20250501193800,0
20250430222000,0
20250501065600,2
20250430183200,0
20250503140200,0
20250430190700,0
20250501020000,0
20250430065500,0
20250429143800,0
20250429231400,0
20250430073500,0
20250503163500,0
20250501223600,0
20250430174600,0
20250502093000,0
20250430230000,0
20250430225300,0
20250501032400,0
20250430053700,0
20250503190300,0
20250501170700,0
20250502010200,0
20250430033000,0
20250501222400,0
20250430002200,0
20250502102000,0
20250430123500,0
20250503222000,0
20250501073700,0
20250502142200,0
20250504025900,0
20250502110600,0
20250502151100,0
20250503040400,0
20250503211100,0
20250501154700,0
20250430052200,0
20250502231600,0
20250502024400,0
20250502020900,0
20250501145000,0
20250430135300,0
20250501132600,0
20250503235400,0
20250503171200,0
20250501111300,0
20250502092500,0
20250501201200,0
20250429185800,0
20250429230100,0
20250502061700,0
20250502141400,0
20250501204300,0
20250503123500,0
20250503011800,0
20250502202000,0
20250429235900,0
20250502223000,0
20250430224500,0
20250504002500,0
20250503111000,0
20250429210600,0
20250430145800,0
20250501150300,0
20250503081500,0
20250429194600,0
20250430124500,0
20250502010500,0
20250503214700,0
20250503045100,0
20250501152400,0
20250503031000,0
20250501150500,0
20250501140400,0
20250501145100,0
20250503011300,0
20250503085400,0
20250429184900,0
20250502025700,0
20250430002100,0
20250503044000,0
20250502130600,0
20250502064500,0
20250502043600,0
20250501141800,0
20250503095200,0
20250501070300,0
20250503051500,0
20250501045700,0
20250429230000,0
20250501054200,0
20250501201000,0
20250501033200,0
20250502125900,0
20250430164000,2
20250430212000,0
20250429222000,0
20250502235400,0
20250501040100,0
20250502135300,0
20250503070800,0
20250503110400,0
20250430001300,0
20250430051600,0
20250504005800,0
20250501045300,0
20250429153900,0
20250430195700,0
20250430155900,0
20250429162600,0
20250501165900,0
20250503054300,0
20250504024300,0
20250503082100,0
20250503115100,0
20250501061100,0
20250503212800,0
20250501093900,0
20250430081700,0
20250430223900,0
20250430040800,0
20250430032800,0
20250502233500,0
20250430140400,0
20250502090300,0
20250430153000,0
20250501151800,0
20250504025800,0
20250429210100,0
20250503141800,0
20250502094900,0
20250430142700,1
20250502230000,0
20250503065000,0
20250429184800,0
20250504023800,0
20250503180400,0
20250501004800,0
20250429132700,0
20250503081800,0
20250503014900,0
20250501142600,0
20250501013900,0
20250429173600,0
20250502150600,0
20250429163400,0
20250503070400,0
20250429163500,0
20250502143600,0
20250502180600,0
20250502165100,0
20250502200900,0
20250430193000,1
20250503033500,0
20250502162000,0
20250501113300,0
20250502023400,0
20250504025000,0
20250501174400,0
20250430155500,0
20250503122100,0
20250430030200,0
20250429213300,0
20250502232900,0
20250501012300,0
20250502155100,0
20250429165800,0
20250503111500,0
20250430214500,0
20250504001500,0
20250430185500,0
20250501061300,0
20250501094800,0
20250502095600,0
20250429204400,0
20250502135400,0
20250430060900,0
20250503163400,0
20250501181900,0
20250430161800,0
20250429162900,0
20250430133900,0
20250503102200,0
20250430005800,0
20250503070000,0
20250501092300,0
20250502184900,0
20250502100300,0
20250502073100,0
20250430064900,0
20250501045100,0
20250502073400,0
20250430155200,0
20250503093100,0
20250503041700,0
20250429183700,0
20250501100600,0
20250501121500,0
20250502025300,0
20250502000800,0
20250501232500,0
20250430013700,0
20250502203400,0
20250502021100,0
20250501014300,0
20250502063300,0
20250501205100,0
20250430130600,0
20250430001000,0
20250430030700,0
20250502143900,0
20250503170200,0
20250430075000,0
20250430140000,0
20250501065300,0
20250429165900,0
20250501110000,0
20250503002700,0
20250503015400,0
20250502095400,0
20250430001200,0
20250430062200,0
20250502185300,0
20250501170100,0
20250502231700,0
20250502085300,0
20250429142400,0
20250501230300,0
20250430023200,0
20250503031500,0
20250429140800,0
20250501201300,0
20250430164200,1
20250503041200,0
20250503061900,0
20250502130700,0
20250503133600,0
20250504015200,1
20250502210800,0
20250430063500,0
20250503035500,0
20250501151600,0
20250430061600,0
20250502104900,0
20250501212700,0
20250503030400,0
20250502045200,0
20250501190800,0
20250429224500,0
20250502231900,0
20250503032400,0
20250429182800,0
20250501012800,0
20250502191500,0
20250502030600,1
20250430215600,0
20250430151000,0
20250501231400,0
20250501112900,0
20250502041200,0
20250504022600,0
20250429202400,0
20250430163400,2
20250430170500,2
20250503050400,0
20250429211300,0
20250430171300,0
20250430090500,0
20250430231000,0
20250501032700,0
20250430144500,0
20250502031200,2
20250503103200,0
20250501214400,0
20250501151400,0
20250502132100,0
20250502080300,0
20250501101500,0
20250430184400,0
20250504021900,0
20250501000700,0
20250430220000,0
20250503140900,0
20250503002900,0
20250503232200,0
20250501215800,0
20250501080900,0
20250502091500,0
20250503174300,0
20250501132400,0
20250502095100,0
20250430055500,0
20250501183800,0
20250502220300,0
20250502051600,0
20250430000000,0
20250430154600,0
20250501040300,1
20250503012100,0
20250501050700,0
20250501070700,0
20250501123800,0
20250504020900,0
20250430141600,0
20250429195400,0
20250501235000,0
20250430132300,0
20250501051700,0
20250502181400,0
20250503230500,0
20250501035100,1
20250430221400,0
20250502073500,0
20250501122300,0
20250501053600,0
20250502223500,0
20250430020000,0
20250430221800,0
20250502130000,0
20250503035700,0
20250502133500,0
20250501163000,0
20250501202700,0
20250502221900,0
20250503223100,0
20250501143700,0
20250429181600,0
20250503023400,0
20250503053200,0
20250503073200,0
20250503115700,0
20250503071100,0
20250430184500,0
20250502205700,0
20250502163200,0
20250501015700,1
20250501091100,0
20250503073500,0
20250430090100,0
20250502182000,0
20250502164800,0
20250501174300,0
20250504000000,0
20250502181300,0
20250503125500,0
20250503050600,0
20250501060600,0
20250430034100,0
20250501003100,0
20250429172000,0
20250502050400,0
20250501004300,0
20250502005400,0
20250430200500,0
20250501201700,0
20250429202700,0
20250503011400,0
20250502092000,0
20250503210700,0
20250503220900,0
20250504031400,0
20250501101200,0
20250501071200,0
20250429155500,0
20250501222900,0
20250502075500,0
20250503064900,0
20250501161900,0
20250501041300,0
20250501052900,0
20250430014500,0
20250501130500,0
20250430233000,0
20250429150400,0
20250430220600,0
20250501160900,0
20250430004900,0
20250501132100,0
20250430173200,0
20250429172500,0
20250501054500,0
20250502124100,0
20250502214100,0
20250501001800,0
20250430084500,0
20250501213000,0
20250430163800,2
20250501190100,0
20250502121100,0
20250503182400,0
20250502014500,0
20250503105700,0
20250429193100,0
20250503085600,0
20250502113700,0
20250501172900,0
20250429214000,0
20250503114600,0
20250502231200,0
20250503185800,0
20250502112700,0
20250502185700,0
20250430025800,0
20250503162700,0
20250502180400,0
20250501055900,0
20250502015900,0
20250504015700,0
20250430023100,0
20250503134500,0
20250502211500,0
20250502084900,0
20250430174500,0
20250503234200,0
20250503173200,0
20250501083100,0
20250503231400,0
20250501000400,0
20250503071600,0
20250502113600,0
20250430111600,0
20250501133800,0
20250429201600,0
20250429222400,0
20250503075000,0
20250429232200,0
20250429171800,0
20250430010500,0
20250503005300,0
20250501014600,0
20250430182200,0
20250504020000,0
20250501222500,0
20250430015600,0
20250501143000,0
20250430130900,0
20250502071800,0
20250502091300,0
20250430171900,0
20250501053900,0
20250502071000,0
20250501000900,0
20250503001400,0
20250501041500,0
20250429155400,0
20250501122500,0
20250502223900,1
20250503184800,0
20250502210400,0
20250503011900,0
20250503080200,0
20250502061900,0
20250501050000,0
20250502221300,0
20250430193200,0
20250502214400,0
20250501064100,0
20250502055900,0
20250501032900,0
20250502111400,0
20250502101800,0
20250503133500,0
20250501053100,0
20250430081000,0
20250501220000,0
20250501041900,0
20250429130800,0
20250502052700,0
20250429163000,0
20250430033300,0
20250503124300,0
20250430165600,0
20250430010400,0
20250501133200,0
20250501135000,0
20250502081800,0
20250501025600,0
20250503150600,0
20250503153400,0
20250504020600,0
20250501040600,0
20250502133900,0
20250502121600,0
20250430125000,0
20250501105000,1
20250429141100,0
20250430142900,0
20250503110200,0
20250430144200,0
20250502061400,0
20250430022500,0
20250501145400,0
20250501124500,0
20250501172800,0
20250429141000,0
20250501222700,0
20250503063200,0
20250430234900,0
20250430031400,0
20250502154100,0
20250430034700,0
20250501235600,0
20250503100200,0
20250430164600,1
20250430073300,0
20250502114500,0
20250502030500,2
20250501013500,0
20250430130700,0
20250501122600,0
20250501234000,0
20250504025700,0
20250430222800,0
20250503050000,0
20250501031400,0
20250503190000,0
20250502182200,0
20250501220600,0
20250429225000,0
20250502044000,0
20250430144300,0
20250502152700,0
20250430121000,0
20250501183600,0
20250430064600,0
20250503165500,0
20250502113200,0
20250501200800,0
20250501045500,0
20250502215700,0
20250430221300,0
20250502040900,1
20250501223500,0
20250503023100,0
20250502061500,0
20250503010300,0
20250502155800,0
20250502115800,0
20250503182000,0
20250502205300,0
20250503220700,0
20250503082900,0
20250501225700,0
20250503063800,0
20250430064200,0
20250429221700,0
20250430121900,0
20250503145900,0
20250501140200,0
20250503151100,0
20250502052000,0
20250501235100,0
20250502045300,0
20250429172700,0
20250502170700,0
20250503135100,0
20250429131300,0
20250429213400,0
20250501232900,0
20250501193100,0
20250502203200,0
20250501214800,0
20250429205700,0
20250429191900,0
20250429142900,0
20250501082100,0
20250430095200,0
20250429140900,0
20250501135700,0
20250501133300,0
20250429225200,0
20250430024500,0
20250501162900,0
20250503215500,0
20250503022400,0
20250430025000,0
20250503204900,0
20250501213600,0
20250501083300,0
20250430084000,0
20250430013800,0
20250502065700,0
20250501111000,0
20250503005700,0
20250501073200,0
20250502053200,0
20250502021200,0
20250501211900,0
20250503010600,0
20250503182800,0
20250430154800,0
20250503022100,0
20250430141000,0
20250429192000,0
20250502161800,0
20250430231900,0
20250502114100,0
20250501061400,0
20250430064700,0
20250501170600,0
20250429215700,0
20250503090000,0
20250430170200,0
20250429133100,0
20250502115000,0
20250503173300,0
20250502175500,0
20250430235300,0
20250429215000,0
20250430152300,0
20250501152200,0
20250502075800,0
20250502023100,1
20250429235300,0
20250503162100,0
20250430101500,0
20250429145500,0
20250502164900,0
20250501013700,0
20250503103600,0
20250430122400,0
20250430015300,0
20250502084800,0
20250430135000,0
20250502041900,0
20250501144500,0
20250429194700,0
20250503215600,0
20250430212500,0
20250502122300,0
20250501032600,0
20250429171900,0
20250501205700,0
20250501225300,0
20250501031200,0
20250502153500,0
20250430084100,0
20250503154400,0
20250503084000,0
20250503165400,0
20250502064400,0
20250503145800,0
20250502082600,0
20250429190000,0
20250501081800,0
20250430052100,0
20250501181700,0
20250501104600,0
20250504003300,0
20250502123500,0
20250501083200,0
20250501194100,0
20250501143900,0
20250430223600,0
20250501221400,0
20250502025000,2
20250504025600,0
20250430153900,0
20250502122000,0
20250502233400,0
20250503230200,0
20250504023200,0
20250503034100,0
20250501141200,0
20250503080700,0
20250501052400,0
20250430071000,0
20250503190700,0
20250430085100,0
20250503025500,0
20250501040400,0
20250502063000,0
20250429174200,0
20250503151000,0
20250430210700,2
20250502195700,0
20250502110500,0
20250430190200,0
20250430084300,0
20250429155200,0
20250429154800,0
20250430151300,0
20250501102000,0
20250429184100,0
20250501074500,0
20250429184300,0
20250501034900,0
20250501202100,0
20250501141100,0
20250501215600,0
20250503010900,0
20250503131400,0
20250430145500,0
20250502025100,0
20250501021100,0
20250503092200,0
20250501072300,0
20250501202000,0
20250430121800,0
20250502042100,0
20250503040500,0
20250501071900,0
20250502161400,0
20250501224700,0
20250503091900,0
20250502033300,2
20250504003400,0
20250429143500,0
20250501063500,0
20250503060200,0
20250430022800,0
20250430160900,0
20250430131400,0
20250502003100,0
20250501031900,0
20250501161700,0
20250503013900,0
20250502160000,0
20250430180100,0
20250501205600,0
20250429134800,0
20250504010400,0
20250503101500,0
20250430142800,1
20250430230900,0
20250502024500,0
20250503224400,0
20250430060800,0
20250502171400,0
20250430014300,0
20250430165800,0
20250502210200,0
20250429134600,0
20250504015500,0
20250501162300,0
20250503115800,0
20250429152200,0
20250502223700,0
20250502231000,0
20250502162200,0
20250503164200,0
20250504012600,0
20250503112000,0
20250501201500,0
20250429144800,0
20250501160100,0
20250430065800,0
20250502105000,0
20250430112300,0
20250430215300,0
20250502145700,0
20250502000700,0
20250503063400,0
20250501121200,0
20250503042400,0
20250503104400,0
20250501082500,0
20250429171000,0
20250429185600,0
20250501212000,0
20250502142900,0
20250503031400,0
20250502054400,0
20250502181800,0
20250501131400,0
20250503094600,0
20250502183600,0
20250503163000,1
20250502131000,0
20250501130900,0
20250501211800,0
20250429174900,0
20250429214200,0
20250501180300,0
20250502001900,0
20250503085000,0
20250502144200,0
20250503185300,0
20250503194900,0
20250502073800,0
20250502170600,0
20250501230600,0
20250429230600,0
20250502153300,0
20250430113400,0
20250429225100,0
20250430135500,0
20250502020000,0
20250430045800,0
20250430182900,0
20250503050100,0
20250501183500,0
20250503104600,0
20250430160300,0
20250501042900,0
20250503174600,0
20250501055100,0
20250501092100,0
20250503162600,0
20250502013700,0
20250430012800,0
20250429174800,0
20250501065000,0
20250501234900,0
20250430051300,0
20250430052900,0
20250504024000,0
20250501084900,0
20250430042500,0
20250501211300,0
20250503114700,0
20250502060400,0
20250430065100,0
20250503044600,0
20250501101000,0
20250502023000,0
20250503175900,0
20250501152600,0
20250430101200,0
20250503184500,0
20250501221600,0
20250501073600,0
20250503081100,0
20250502132600,0
20250503014100,0
20250503045700,0
20250429194800,0
20250503112100,0
20250503040800,0
20250430072200,0
20250430131900,0
20250429231800,0
20250503151600,0
20250501101300,0
20250503212200,0
20250501145800,0
20250429142800,0
20250501063800,0
20250503135000,0
20250502201600,0
20250502083500,0
20250430001600,0
20250501212500,0
20250429135300,0
20250503214200,0
20250502192200,0
20250503000800,0
20250502170000,0
20250502003400,0
20250502220400,0
20250503124000,0
20250430205500,0
20250429214500,0
20250430132200,0
20250502094200,0
20250430133600,0
20250502063800,0
20250502170800,0
20250430111400,0
20250502171800,0
20250502000300,0
20250504032400,0
20250501074200,0
20250501051800,0
20250501043100,0
20250430123600,0
20250502072300,0
20250503124800,0
20250430181400,0
20250501162100,0
20250501232600,0
20250502084000,0
20250430095400,0
20250430154200,0
20250430214200,0
20250501174600,0
20250502204100,0
20250430043800,0
20250503135600,0
20250502030200,0
20250430103600,0
20250503091400,0
20250503180700,0
20250503211700,0
20250501095700,0
20250503234500,0
20250501065400,0
20250503175300,0
20250430221600,0
20250502033000,1
20250501103100,1
20250501152900,0
20250429155700,0
20250501194400,0
20250501021600,0
20250503071900,0
20250501165200,0
20250501075500,0
20250504005000,0
20250429195800,0
20250502043200,0
20250502054800,0
20250430025200,0
20250501140900,0
20250503140000,0
20250502061100,0
20250502204000,0
20250503003300,0
20250429134900,0
20250429142600,0
20250503010400,0
20250430062500,0
20250501225400,0
20250430172800,0
20250502213700,0
20250503154800,0
20250502174200,0
20250430222500,0
20250503171900,0
20250502232800,0
20250429182700,0
20250503170000,0
20250430053500,0
20250503084500,0
20250502180100,0
20250502221000,0
20250430081600,0
20250501182200,0
20250503020600,0
20250504002700,0
20250501103600,1
20250501180900,0
20250502113000,0
20250429141200,0
20250501184900,0
20250503111600,0
20250430074000,0
20250502233900,0
20250502173300,0
20250430213400,0
20250502224200,0
20250430043300,0
20250503164800,0
20250503051800,0
20250502152100,0
20250503080900,0
20250501043300,0
20250503094000,0
20250502191000,1
20250502190200,1
20250503013300,0
20250502165900,0
20250501080000,0
20250502151500,0
20250503184900,0
20250502194200,0
20250430144400,0
20250430045900,0
20250430022000,0
20250429182500,0
20250501151900,0
20250430062800,0
20250430105500,0
20250501125400,0
20250430231100,0
20250503083600,0
20250502014800,0
20250430142100,0
20250502224100,0
20250501002500,0
20250501153500,0
20250504023000,0
20250430034200,0
20250501061600,0
20250501020200,0
20250429154400,0
20250501034800,0
20250504005500,0
20250504022500,0
20250501210100,0
20250429145400,0
20250501094100,0
20250502060000,0
20250501032800,0
20250502132400,0
20250503161800,0
20250429132200,0
20250430194100,0
20250429215300,0
20250429140700,0
20250430002800,0
20250504001400,0
20250502173900,0
20250501074600,0
20250429165000,0
20250502181200,0
20250502100900,0
20250503144600,0
20250430063900,0
20250430132600,0
20250502235000,0
20250430085500,0
20250430005100,0
20250502210100,0
20250430000200,0
20250504011400,0
20250503235200,0
20250503040700,0
20250503140400,0
20250501225600,0
20250503155300,1
20250429152400,0
20250430224600,0
20250503222700,0
20250430031000,0
20250502181500,0
20250429173200,0
20250501194000,0
20250501050800,0
20250429151200,0
20250429151500,0
20250501064700,0
20250503205000,0
20250503235800,0
20250501054900,0
20250501094700,0
20250501070500,0
20250502160500,0
20250501021000,0
20250503042700,0
20250430213000,1
20250430064500,0
20250503083800,0
20250503123000,0
20250429170900,0
20250502224700,0
20250430124200,0
20250503183700,0
20250430095700,0
20250430230800,0
20250429152300,0
20250503112900,0
20250503104800,0
20250502213300,0
20250502104000,0
20250429222200,0
20250501064000,0
20250501040900,0
20250502095700,0
20250501102100,0
20250430183900,0
20250503082400,0
20250501121300,0
20250503030200,0
20250502083100,0
20250502223100,0
20250501105300,0
20250503043400,0
20250501221100,0
20250503030600,0
20250430061700,0
20250503191000,0
20250429144900,0
20250501222000,0
20250502032000,0
20250504013600,0
20250503210200,0
20250503032500,0
20250429161700,0
20250429232300,0
20250501111800,0
20250502163400,0
20250501000800,0
20250430151800,0
20250503074200,0
20250502224600,0
20250503000400,0
20250430190500,0
20250430135400,0
20250430041900,0
20250430052400,0
20250430144700,0
20250503035100,0
20250430191100,0
20250430171200,0
20250501085400,0
20250430161200,0
20250429131100,0
20250502120300,0
20250501214600,0
20250503175200,0
20250502052100,0
20250501005900,0
20250501153700,0
20250503205100,0
20250501175800,0
20250503164600,0
20250501091500,0
20250503135400,0
20250503012300,0
20250502051900,0
20250503023800,0
20250504005200,0
20250430114700,0
20250501034500,0
20250501203700,0
20250430094700,0
20250503144800,0
20250501194200,0
20250503044400,0
20250502073700,0
20250501144700,0
20250501144600,0
20250501110200,0
20250430014000,0
20250501011200,0
20250501142300,0
20250503040000,0
20250501024000,0
20250501134800,0
20250429212100,0
20250503191300,0
20250501161100,0
20250502022700,0
20250501024200,0
20250430054900,0
20250503172100,0
20250503091000,0
20250502172900,0
20250503010200,0
20250430040500,0
20250502220100,0
20250429174600,0
20250501062500,0
20250430052800,0
20250430191500,1
20250430215800,0
20250430013100,0
20250501230500,0
20250502174700,0
20250429141800,0
20250502000000,0
20250502035200,0
20250430101900,0
20250430111200,0
20250430180600,0
20250430221200,0
20250501171400,0
20250429200700,0
20250502063900,0
20250501054000,0
20250503053900,0
20250430082800,0
20250503041600,0
20250502054000,0
20250430163000,0
20250503183800,0
20250503113000,0
20250503211000,0
20250430101000,0
20250502132500,0
20250430094100,0
20250503092400,0
20250501072700,0
20250430144100,0
20250501224600,0
20250430073700,0
20250502040800,0
20250429201400,0
20250429193500,0
20250503215700,0
20250501172400,0
20250501151000,0
20250501131600,0
20250501023400,0
20250504021000,0
20250503024100,0
20250430225800,0
20250503194400,0
20250503074000,0
20250503120200,0
20250503052900,0
20250501200100,0
20250503170700,0
20250503222200,0
20250429134300,0
20250430083600,0
20250502145600,0
20250429134000,0
20250502122400,0
20250502034100,0
20250502045600,0
20250501123100,0
20250502083700,0
20250503172800,0
20250502221700,0
20250429180100,0
20250430164100,1
20250502053000,0
20250502185500,0
20250501171000,0
20250504013900,0
20250502052300,0
20250430140800,0
20250503173000,0
20250501090100,0
20250501055600,0
20250502085500,0
20250430090700,0
20250504000300,0
20250501062700,0
20250503040100,0
20250503084700,0
20250430000700,0
20250502132900,0
20250429153100,0
20250502081400,0
20250503040900,0
20250501212100,0
20250430231200,0
20250429163800,0
20250430071100,0
20250501230900,0
20250501134000,0
20250430034800,0
20250503083900,0
20250503074300,0
20250501232000,0
20250429160400,0
20250430093900,0
20250429131000,0
20250501212400,0
20250502193600,0
20250501135400,0
20250502062200,0
20250501160200,0
20250501170400,0
20250502001700,0
20250501213100,0
20250501022400,0
20250502171700,0
20250501201600,0
20250430233400,0
20250503025800,0
20250502051000,0
20250430053200,0
20250502193500,0
20250502122900,0
20250429222800,0
20250501195800,0
20250502170500,0
20250501113100,0
20250502190100,1
20250504030200,0
20250429180600,0
20250503235600,0
20250429150300,0
20250430132100,0
20250502144300,0
20250501045600,0
20250501120900,0
20250430114300,0
20250430032300,1
20250504004900,0
20250429150100,0
20250501204200,0
20250503014600,0
20250430132500,0
20250429134500,0
20250430121100,0
20250503144700,0
20250503012000,0
20250430163300,2
20250503174400,0
20250503182900,0
20250502230100,0
20250501134300,0
20250501075100,0
20250429133500,0
20250502062300,0
20250503205300,0
20250430190600,0
20250503035400,0
20250430023500,0
20250502130100,0
20250503010800,0
20250503151300,0
20250429133000,0
20250430023400,0
20250503132100,0
20250503165800,0
20250503111800,0
20250502052200,0
20250503003700,0
20250502124900,0
20250503185700,0
20250502153700,0
20250504000400,0
20250430031200,0
20250502012100,0
20250503154900,0
20250501032500,1
20250503043100,0
20250430060200,0
20250503001800,0
20250502210300,0
20250503051300,0
20250501002000,0
20250503215200,0
20250429190400,0
20250501182500,0
20250503061600,0
20250503231300,0
20250502031300,1
20250429225600,0
20250502063600,0
20250501115500,0
20250430072600,0
20250430070100,0
20250430153100,0
20250501150800,0
20250430222100,0
20250501062200,0
20250502153200,0
20250430061500,0
20250430143100,0
20250430155700,0
20250503004700,0
20250501104100,1
20250502031100,0
20250502202100,0
20250502190000,0
20250502023600,0
20250502042400,0
20250430102500,0
20250430142200,0
20250503021800,0
20250503031700,0
20250502061800,0
20250501143500,0
20250501135600,0
20250430223700,0
20250502011500,0
20250501200400,0
20250503080600,0
20250503013000,0
20250502140700,0
20250430084700,0
20250502094500,0
20250501174800,0
20250502101000,0
20250504031300,0
20250501075200,0
20250429204000,0
20250504004300,0
20250502102200,0
20250501175700,0
20250502035000,0
20250501025200,0
20250501232800,0
20250501095100,0
20250430070000,0
20250430083300,0
20250430110700,0
20250502171500,0
20250430173600,0
20250501034000,0
20250501052800,0
20250503002800,0
20250502045000,0
20250503051100,0
20250501062300,0
20250430163900,2
20250503124900,0
20250430114800,0
20250430100600,0
20250502041700,0
20250503160800,0
20250429213500,0
20250501063100,0
20250502090700,0
20250430065900,0
20250430151600,0
20250503154000,0
20250430222300,0
20250501040200,0
20250503011200,0
20250501004100,0
20250430080600,0
20250429150700,0
20250429140300,0
20250502172100,0
20250501005200,0
20250502164400,0
20250429235600,0
20250430150400,0
20250430162800,0
20250503235900,0
20250502032700,0
20250501122400,0
20250430094800,0
20250430035300,0
20250501232400,0
20250502005500,0
20250430172300,0
20250501201100,0
20250501173800,0
20250502094400,0
20250501215500,0
20250502143400,0
20250501112300,0
20250501030700,0
20250503012500,0
20250501202900,0
20250501124900,0
20250430143600,0
20250501115000,0
20250502224900,0
20250430063000,0
20250503020800,0
20250502182800,0
20250430140300,0
20250430053000,0
20250430002300,0
20250502182500,0
20250501145500,1
20250502174400,0
20250502135700,0
20250503042600,0
20250504031500,0
20250501015300,0
20250503073600,0
20250429165200,0
20250502175700,0
20250502193100,0
20250429204200,0
20250501084700,0
20250503213900,0
20250430110600,0
20250430210100,0
20250430232300,0
20250430233300,0
20250429161600,0
20250503205200,0
20250502211700,0
20250501112800,0
20250429185700,0
20250503181200,0
20250430024900,0
20250501043400,0
20250501135200,0
20250503030100,0
20250503134900,0
20250502100200,0
20250501172000,0
20250502114600,0
20250502215600,0
20250502022300,0
20250503093600,0
20250430132700,0
20250503033100,0
20250502204900,0
20250503061200,0
20250430114100,0
20250502085400,0
20250502055300,0
20250501092500,0
20250430041400,0
20250430040900,0
20250504023900,0
20250430185800,0
20250502004300,0
20250501232700,0
20250503002200,0
20250502120900,0
20250430023800,0
20250501081100,0
20250429133800,0
20250430052300,0
20250430033700,0
20250503132200,0
20250501111200,0
20250430094600,0
20250503083700,0
20250502114400,0
20250503014500,0
20250503145500,0
20250501120500,0
20250502233700,0
20250430223300,0
20250502051300,0
20250503191500,0
20250502233100,0
20250501121000,0
20250501132700,0
20250430183100,0
20250501151500,2
20250503102700,0
20250430080800,0
20250503041400,0
20250502121000,0
20250430190400,0
20250429204600,0
20250502133100,0
20250429215500,0
20250430031600,0
20250429145800,0
20250503111900,0
20250501050300,0
20250502202800,0
20250501112400,1
20250502112000,0
20250501124100,0
20250504031700,1
20250503191100,0
20250503164700,0
20250501023100,0
20250502025600,0
20250430172500,0
20250430094300,0
20250503023200,0
20250430115300,0
20250502013600,0
20250501191900,0
20250503144500,0
20250501022500,0
20250502212100,0
20250501225200,0
20250430112100,0
20250503074100,0
20250501010900,0
20250429183500,0
20250502102900,0
20250429175300,0
20250502120200,0
20250501143200,0
20250429224700,0
20250503123800,0
20250503021200,0
20250502201100,0
20250502190900,1
20250430020200,0
20250501022900,0
20250430105300,0
20250502183000,1
20250502035700,0
20250430002000,0
20250501095300,0
20250501155400,0
20250503154100,0
20250503052400,0
20250501060300,0
20250503030800,0
20250502134400,0
20250501191300,0
20250503122200,0
20250501024500,0
20250430014400,0
20250503085300,0
20250501042000,0
20250503043600,0
20250501160400,2
20250429193900,0
20250503043800,0
20250502080900,0
20250429165100,0
20250430082400,0
20250503213000,0
20250503064200,0
20250430021300,0
20250503114900,1
20250429184400,0
20250503222500,0
20250501071300,0
20250430052500,0
20250501172300,0
20250429193200,0
20250502015800,0
20250504020100,0
20250430115500,0
20250502034400,0
20250501044300,0
20250430222900,0
20250502131500,0
20250501125800,0
20250429210500,0
20250430115800,0
20250501005600,0
20250429160200,0
20250503194100,0
20250503035900,0
20250503045800,0
20250501154100,0
20250502185900,0
20250502045900,0
20250501181100,0
20250429205100,0
20250502070200,0
20250503122800,0
20250501062800,0
20250430165900,0
20250503151700,0
20250430170100,0
20250501132500,0
20250502225700,0
20250501115600,0
20250501045400,0
20250501054800,0
20250430034000,0
20250501014900,0
20250430103800,0
20250502141000,0
20250501004400,0
20250502141100,0
20250504013800,0
20250430071900,0
20250502233800,0
20250501150600,0
20250429211000,0
20250503232100,0
20250501081500,0
20250503122500,0
20250502065500,0
20250430020500,0
20250502134100,0
20250501114700,0
20250503173400,0
20250430003000,0
20250501162200,0
20250503052800,0
20250503034400,0
20250502055700,0
20250501120300,0
20250502002700,0
20250502140600,0
20250429221000,0
20250429192600,0
20250429135900,0
20250503180900,0
20250430004200,0
20250430213800,0
20250429130900,0
20250429195700,0
20250502111800,0
20250501061000,0
20250501112000,0
20250430234400,0
20250430170000,0
20250503145400,0
20250430133800,0
20250430235400,0
20250501122700,0
20250503025900,0
20250502134500,0
20250430070300,0
20250429180800,0
20250429211800,0
20250502152300,0
20250502134900,0
20250503181000,0
20250503175700,0
20250502064700,0
20250430005300,0
20250503234800,0
20250501105100,1
20250430225000,0
20250430211200,1
20250503112500,0
20250501172200,0
20250430134100,0
20250501230000,0
20250503103800,0
20250503024900,0
20250501122000,0
20250501153300,2
20250502192300,0
20250502162400,0
20250501100100,0
20250501170000,0
20250501080800,0
20250430082900,0
20250502211600,0
20250430054300,0
20250503130000,0
20250501151200,0
20250430163600,2
20250430034900,0
20250430210500,0
20250430085400,0
20250430040600,0
20250502144500,0
20250429164700,0
20250501205200,0
20250430225600,0
20250503163900,1
20250430050200,0
20250503073700,0
20250502064600,0
20250501114200,0
20250503073000,0
20250501092000,0
20250503102300,0
20250501223800,0
20250502183500,0
20250503094400,0
20250501091200,0
20250430121400,0
20250501072800,0
20250501010000,0
20250430075200,0
20250502130400,0
20250429192100,0
20250503114500,0
20250429143700,0
20250502232400,0
20250501161600,0
20250502062700,0
20250504020300,0
20250503055900,0
20250502151700,0
20250502214200,0
20250503123700,0
20250430094900,0
20250502131200,0
20250502122500,0
20250501235200,0
20250430232700,0
20250430100800,0
20250502213600,0
20250502171300,0
20250430133100,0
20250429171100,0
20250501071100,0
20250503170500,0
20250501181400,0
20250503154600,0
20250501123700,0
20250503094900,0
20250430021900,0
20250429232400,0
20250503103000,0
20250502055500,0
20250502184100,0
20250501051500,0
20250503001900,1
20250502032100,0
20250430222600,0
20250503054100,0
20250503020900,0
20250429190900,0
20250429204100,0
20250503132600,0
20250429221900,0
20250502222800,0
20250430103100,0
20250502102800,0
20250503102000,1
20250502101500,0
20250430101800,0
20250430214700,0
20250430143400,0
20250430182400,0
20250501190600,0
20250503214300,0
20250430123900,0
20250501093100,0
20250430061900,0
20250430052000,0
20250502175400,0
20250430205400,0
20250503101300,0
20250430035500,0
20250502143300,0
20250502003700,0
20250430151400,0
20250503062600,0
20250503223700,0
20250503060600,0
20250503110000,0
20250430084400,0
20250502063400,0
20250430233200,0
20250503001500,0
20250502103500,0
20250503013600,0
20250502155000,0
20250429203100,0
20250503094500,0
20250501140800,0
20250503021500,0
20250430120600,0
20250429165600,0
20250502020200,0
20250429164400,0
20250502014400,0
20250503174900,0
20250501205500,0
20250503063100,0
20250430081200,0
20250429213000,0
20250430154700,0
20250501010400,0
20250503231700,0
20250502014200,0
20250503193500,0
20250430034600,0
20250501134900,0
20250502205200,0
20250430011900,0
20250429181200,0
20250430223400,0
20250503213700,0
20250503124100,0
20250502191300,1
20250503173500,0
20250501073100,0
20250430184300,0
20250430181300,0
20250429151000,0
20250503230400,0
20250501085900,0
20250502101300,0
20250504014700,0
20250430061800,0
20250429161500,0
20250502054100,0
20250503122400,0
20250429232100,0
20250503171000,0
20250501105700,0
20250503213500,0
20250502055400,0
20250503153300,0
20250503130900,0
20250501044800,0
20250430190800,0
20250503225300,0
20250430151200,0
20250502150800,0
20250503071400,0
20250501195700,0
20250430030600,0
20250502205000,0
20250429192300,0
20250502172600,0
20250504001600,0
20250504032100,0
20250503213600,0
20250429143300,0
20250503223600,0
20250501001400,0
20250503183500,0
20250429180000,0
20250501212300,0
20250430152400,0
20250430075800,0
20250503154200,0
20250430214300,0
20250501191800,0
20250502002800,0
20250501052700,0
20250503212400,0
20250430100100,0
20250429151700,0
20250502134800,0
20250503114200,0
20250503100000,0
20250501004500,0
20250501164200,2
20250502100400,0
20250429142200,0
20250430035100,0
20250502112100,0
20250504025200,0
20250504010700,0
20250429182000,0
20250430034400,0
20250429201700,0
20250429154500,0
20250502055600,0
20250501193600,0
20250502050500,0
20250430012000,0
20250501031100,0
20250501094500,0
20250430210800,1
20250502044900,0
20250503212300,0
20250430151100,0
20250430225400,0
20250503195900,0
20250430173400,0
20250501202500,0
20250430141700,0
20250503045200,0
20250430150300,0
20250502001100,0
20250430090400,0
20250503022200,0
20250501082400,0
20250502202500,0
20250430215400,0
20250503145300,0
20250502061300,0
20250429175400,0
20250502145800,0
20250502131600,0
20250501012900,0
20250429190800,0
20250502075700,0
20250501184700,0
20250503170300,0
20250430113600,0
20250430070500,0
20250503192600,0
20250503102900,0
20250502100100,0
20250430030300,0
20250504031800,0
20250503061100,0
20250430003700,0
20250430185300,0
20250429172100,0
20250430015400,0
20250501161000,0
20250501195400,0
20250430184600,0
20250430161400,0
20250502142100,0
20250503121100,0
20250504003200,0
20250429234300,0
20250501011500,0
20250501011800,0
20250429173700,0
20250501160700,0
20250501131300,0
20250430172100,0
20250503062100,0
20250503191200,0
20250430175100,1
20250501100700,0
20250429203800,0
20250430194700,0
20250504012900,0
20250502030100,0
20250502070400,0
20250502231400,0
20250503174500,0
20250501193900,0
20250504015600,0
20250503220200,0
20250501020100,0
20250502165200,0
20250501151700,0
20250503123900,0
20250430060700,0
20250503080100,0
20250501234600,0
20250502120000,0
20250503074400,0
20250430194600,0
20250501000200,0
20250430020300,0
20250502095000,0
20250430050300,0
20250503015900,0
20250503034900,0
20250430184200,0
20250429222300,0
20250430235500,0
20250502160600,0
20250503210900,0
20250501192400,0
20250429210400,0
20250503235500,0
20250430070800,0
20250429234900,0
20250501203600,0
20250502152500,0
20250502115600,0
20250430181600,0
20250501030600,0
20250503180200,0
20250501023600,0
20250503191800,0
20250502012900,0
20250503092700,0
20250503042500,0
20250501101700,0
20250502000500,0
20250503214900,0
20250430182500,0
20250430171600,0
20250430021000,0
20250501115200,0
20250501063300,0
20250501135500,0
20250429223100,0
20250501070900,0
20250429151600,0
20250501225800,0
20250430012500,0
20250502054500,0
20250503004500,0
20250503130800,0
20250503173100,0
20250502080700,0
20250501180800,0
20250502163900,0
20250501111400,0
20250502093400,0
20250430053800,0
20250503031300,0
20250501022600,0
20250502145900,0
20250429192900,0
20250504004700,0
20250430114200,0
20250503130100,0
20250503011100,0
20250503161400,0
20250430105900,0
20250501202800,0
20250503061400,0
20250502092600,0
20250501172600,0
20250430192400,1
20250503182700,0
20250501194900,0
20250503092300,0
20250502132700,0
20250501063700,0
20250501093400,0
20250502062500,0
20250504010000,0
20250502002900,0
20250503052200,0
20250430151500,0
20250501062900,0
20250503043500,0
20250430064300,0
20250429150800,0
20250501200000,0
20250501035600,0
20250501203900,0
20250501061700,0
20250503072700,0
20250503190400,0
20250502215000,0
20250501210800,0
20250503000000,0
20250502125600,0
20250503193000,0
20250430185200,0
20250501195200,0
20250430042400,0
20250502053300,0
20250429203700,0
20250430102100,0
20250502212900,0
20250503174100,0
20250502020700,0
20250501090000,0
20250430170600,0
20250501055400,0
20250502013900,0
20250503093500,0
20250501082000,0
20250429221200,0
20250503232600,0
20250501023500,0
20250503100800,0
20250503231600,0
20250502195100,0
20250503173600,0
20250503181600,0
20250501233600,0
20250503221000,0
20250429182300,0
20250501212200,0
20250501113600,0
20250502155700,0
20250501082300,0
20250501095000,0
20250504002000,0
20250502130900,0
20250502010900,0
20250501142500,0
20250430094500,0
20250430083200,0
20250502072000,0
20250502195800,0
20250430022100,0
20250501143800,0
20250502095500,0
20250430071200,0
20250503090300,0
20250429191200,0
20250502092800,0
20250504024400,0
20250503165700,0
20250501092700,0
20250503111100,0
20250503164400,0
20250502185400,0
20250430075400,0
20250430062000,0
20250430055900,0
20250503163200,0
20250429230200,0
20250502065100,0
20250430182000,0
20250501205400,0
20250503135900,0
20250430035700,0
20250504000200,0
20250501104500,1
20250503183000,0
20250503160000,0
20250430001100,0
20250429190200,0
20250502001200,0
20250501102900,1
20250502225000,0
20250502013500,0
20250502234400,0
20250503002100,0
20250503070700,0
20250430121600,0
20250430184100,0
20250429135100,0
20250502100700,0
20250429194100,0
20250502104800,0
20250503114800,0
20250503085100,0
20250501082900,0
20250501101600,0
20250501123300,0
20250501012400,0
20250503195300,0
20250430052700,0
20250501003500,0
20250503164100,0
20250430112900,0
20250430095500,0
20250504021100,0
20250502033100,0
20250430212100,0
20250502023300,0
20250503133300,0
20250429132000,0
20250502172300,0
20250430001900,0
20250503020100,0
20250502175100,0
20250503205400,0
20250429190100,0
20250504023600,0
20250502130200,0
20250430061300,0
20250503135300,0
20250429165700,0
20250429170600,0
20250429190300,0
20250502083300,0
20250430185900,0
20250430140600,0
20250501025700,0
20250502165000,0
20250502145400,0
20250503015600,0
20250501234500,0
20250502193400,0
20250502200000,0
20250430135600,0
20250501031600,0
20250430172900,0
20250430185000,0
20250502201200,0
20250430105800,0
20250502093800,0
20250501060800,0
20250503080800,0
20250503200100,0
20250502161100,0
20250503125200,0
20250501225500,0
20250503041800,0
20250502172500,0
20250504005400,0
20250501073800,0
20250503145100,0
20250430223800,0
20250503071700,0
20250502064300,0
20250430191300,0
20250501123400,0
20250503045600,0
20250430171000,0
20250429161900,0
20250501073500,0
20250503221500,0
20250430140500,0
20250504031200,0
20250504024700,0
20250502182700,0
20250502060200,0
20250501154800,2
20250430070200,0
20250502030400,2
20250501152800,0
20250429201500,0
20250502163300,0
20250501105500,0
20250430041300,0
20250503015300,0
20250430041800,0
20250429184600,0
20250501020500,0
20250430231600,0
20250501035200,0
20250501202600,0
20250502123100,0
20250502052800,0
20250504032600,0
20250503020300,0
20250503055600,0
20250502013000,0
20250501051600,0
20250503004100,0
20250430011100,0
20250502082100,0
20250429220200,0
20250430095600,0
20250430074400,0
20250503004200,0
20250502203800,0
20250504011100,0
20250430011500,0
20250501001100,1
20250503222800,0
20250429200600,0
20250430101100,0
20250502215400,0
20250502221400,0
20250430000400,0
20250502102600,0
20250502225200,0
20250430102600,0
20250503162500,0
20250430153200,0
20250502051500,0
20250430170300,0
20250501231600,0
20250430095800,0
20250501104700,1
20250501024800,0
20250503035800,0
20250502042900,0
20250503003800,0
20250504010500,0
20250429163200,0
20250430213100,0
20250501173500,0
20250430063100,0
20250501123600,0
20250430023600,0
20250504024600,0
20250502143700,0
20250502180000,0
20250430023000,0
20250501041200,1
20250429171500,0
20250430134300,0
20250430005500,0
20250501051400,0
20250503185200,0
20250501050600,0
20250503173700,0
20250501175400,0
20250429161100,0
20250502194000,0
20250501150400,0
20250503140800,0
20250502174000,0
20250501163800,0
20250503204100,0
20250503161100,0
20250501134400,0
20250502234100,0
20250502185800,0
20250503213800,0
20250501125600,0
20250504021200,0
20250501104200,1
20250501085700,0
20250501104000,2
20250429173300,0
20250502031400,2
20250503191900,0
20250503160700,0
20250430135900,0
20250429160300,0
20250502221600,0
20250503070600,0
20250430215100,0
20250430051000,0
20250503112700,0
20250501014200,1
20250502144900,0
20250430063700,0
20250503140500,0
20250501141700,0
20250502082300,0
20250503155500,0
20250504005700,0
20250502155600,0
20250502073300,0
20250430113000,0
20250430125100,0
20250430095000,0
20250503091600,0
20250504022200,0
20250502093900,0
20250501205900,0
20250501065800,1
20250502211900,0
20250503153100,1
20250429154900,0
20250503204000,0
20250429235700,0
20250501093500,0
20250502162800,0
20250430210300,1
20250429140000,0
20250502153400,0
20250503022700,0
20250501045000,0
20250430122700,0
20250429233100,0
20250502211100,0
20250502040500,1
20250429191600,0
20250501011900,0
20250503090400,0
20250501120600,0
20250503062200,0
20250502222200,0
20250504021300,0
20250501030000,0
20250504012200,0
20250430015100,0
20250502121900,0
20250501005700,0
20250503153900,0
20250430042200,0
20250501053300,0
20250502230900,0
20250501224800,0
20250503171700,0
20250430174300,2
20250430045000,0
20250429180300,0
20250430215700,0
20250502235800,0
20250504022800,0
20250503193200,0
20250501115300,0
20250502072100,0
20250430131500,0
20250501010300,0
20250503210800,0
20250501180700,0
20250430095100,0
20250503010500,0
20250503163700,1
20250501125300,0
20250502073200,0
20250429230700,0
20250503140100,0
20250503114400,0
20250430082300,0
20250503145200,0
20250429234800,0
20250503222400,0
20250502071300,0
20250501031500,0
20250501035300,0
20250502235700,0
20250503195400,0
20250501052300,0
20250501035000,0
20250501042500,0
20250503100400,0
20250430113900,0
20250501223000,0
20250501150700,0
20250503130500,0
20250503135500,0
20250501164000,2
20250430224900,0
20250503165100,0
20250501211400,0
20250429152500,0
20250501002600,0
20250501113800,0
20250429213900,0
20250504021700,0
20250501184800,0
20250430074900,0
20250501125700,0
20250501001300,0
20250502143500,0
20250429134700,0
20250430071700,0
20250503003600,0
20250501194300,0
20250501184200,0
20250503024700,0
20250502100500,0
20250430055700,0
20250501100300,0
20250502180900,0
20250503185500,0
20250501105400,0
20250504022300,0
20250503030000,0
20250430164500,1
20250503184700,0
20250502170300,0
20250502221500,0
20250429191400,0
20250503151400,0
20250429145300,0
20250502053900,0
20250503053500,0
20250430194400,0
20250430021400,0
20250503234600,0
20250502085100,0
20250501091900,0
20250502111700,0
20250429190600,0
20250429160800,0
20250503015000,0
20250430143500,0
20250503033000,0
20250430105100,0
20250430081100,0
20250501083700,0
20250429214800,0
20250503101000,0
20250502194300,0
20250503060400,0
20250430221500,0
20250429141600,0
20250501141600,0
20250502141900,0
20250502103800,0
20250430051900,0
20250502115700,0
20250503153500,0
20250504032200,0
20250430225900,0
20250430113700,0
20250430180400,0
20250502075600,0
20250502215900,0
20250504023700,0
20250503195600,0
20250430013400,0
20250502074800,0
20250501222300,0
20250503131700,0
20250430060500,0
20250502161900,1
20250502042800,0
20250502123200,0
20250429220500,0
20250502140100,0
20250501014800,0
20250503083400,0
20250429185500,0
20250430085000,0
20250503105100,0
20250430163700,2
20250502031500,0
20250502110100,0
20250502001600,0
20250502134200,0
20250429140200,0
20250501201800,0
20250503180800,0
20250502232200,0
20250503184400,0
20250502150500,0
20250501102200,0
20250504014800,0
20250429174100,0
20250502210600,0
20250430230400,0
20250502222100,0
20250503163600,0
20250430233100,0
20250501141000,0
20250429150600,0
20250502161500,0
20250430171100,0
20250502190800,0
20250502230500,0
20250501055800,0
20250503150400,0
20250503134000,0
20250503085200,0
20250502060100,0
20250430161700,0
20250430135700,0
20250503074500,0
20250501200500,0
20250503081600,0
20250430141300,0
20250503040200,0
20250501034200,0
20250501072000,0
20250430021100,0
20250501170500,0
20250502202600,0
20250429155600,0
20250429170200,0
20250502213200,0
20250503132700,0
20250502012500,0
20250429181700,0
20250501073400,0
20250430021200,0
20250503224700,0
20250501132900,0
20250430183600,0
20250503064000,0
20250430063200,0
20250502135200,0
20250502123800,0
20250502140800,0
20250502201500,0
20250502110900,0
20250430212700,0
20250430083400,0
20250429223900,0
20250429192800,0
20250503085800,0
20250430060000,0
20250501041400,0
20250501215900,0
20250502014900,0
20250502125800,0
20250503120300,0
20250429235200,0
20250429182400,0
20250501210300,0
20250503095900,0
20250503062400,0
20250503204700,0
20250503045300,0
20250430100200,0
20250430020400,0
20250503020400,0
20250503054900,0
20250502163000,0
20250502163600,0
20250504011600,0
20250429224200,0
20250430104400,0
20250501154600,0
20250429212800,0
20250430110100,0
20250430124000,0
20250503160300,0
20250430060100,0
20250503032800,0
20250503155800,0
20250429150000,0
20250502235300,0
20250502050100,0
20250429211500,0
20250502162600,0
20250429201300,0
20250502114700,0
20250502020300,0
20250503120700,0
20250430172000,0
20250502213500,0
20250503064700,0
20250503132000,0
20250501090200,0
20250430055300,0
20250502105700,0
20250504005100,0
20250501220400,0
20250503215300,0
20250502203600,0
20250503082200,0
20250502151600,0
20250501154200,0
20250502103700,0
20250501123900,0
20250503113500,0
20250429175000,0
20250501103200,1
20250502205100,0
20250430120900,0
20250502135100,0
20250429223700,0
20250502192800,0
20250503013400,0
20250501054300,0
20250501231200,0
20250429224400,0
20250501192800,0
20250503192500,0
20250503231500,0
20250504024500,0
20250429203900,0
20250502203000,0
20250430173700,0
20250501144000,0
20250429155800,0
20250430194000,0
20250430224800,0
20250501112100,0
20250501193000,0
20250430072000,0
20250430100400,0
20250502133800,0
20250503124600,0
20250430035400,0
20250430143300,0
20250503224900,0
20250501223400,0
20250502142600,0
20250430160100,0
20250503221100,0
20250430182100,0
20250430214100,0
20250502082400,0
20250503174700,0
20250503051900,0
20250429195300,0
20250503170800,0
20250503002400,0
20250429221600,0
20250501071400,0
20250429222600,0
20250430181700,0
20250430171400,0
20250502203900,0
20250430134400,0
20250502153600,0
20250502163700,0
20250503060900,0
20250503124700,0
20250502230300,0
20250502121500,0
20250503194000,0
20250503231900,0
20250430132900,0
20250501085600,0
20250430024000,0
20250429211100,0
20250502033800,0
20250429205600,0
20250502010300,0
20250501081700,0
20250430063600,0
20250501094900,0
20250501071800,0
20250503033600,0
20250503234700,0
20250501190200,0
20250429181100,0
20250503050900,0
20250504004500,0
20250502021300,0
20250501083800,0
20250502110400,0
20250430165300,0
20250430082000,0
20250429194900,0
20250501133400,0
20250430175600,2
20250430003800,0
20250503175400,0
20250502192600,0
20250429202600,0
20250503185400,0
20250503204500,0
20250501120200,0
20250502194700,0
20250501184400,0
20250430161100,0
20250502122600,0
20250430232500,0
20250501002100,0
20250504012300,0
20250430195100,0
20250429152800,0
20250501204800,0
20250501155900,0
20250502183400,0
20250430085900,0
20250502232700,0
20250503195100,0
20250503052600,0
20250502233300,0
20250502221200,0
20250429154700,0
20250501172100,0
20250502033400,0
20250503193800,0
20250501112200,0
20250430212300,0
20250502151300,0
20250503034700,0
20250502053800,0
20250503104900,0
20250501043800,0
20250430050700,0
20250501042200,0
20250501234400,0
20250501183100,0
20250501142800,0
20250501202300,0
20250501142400,0
20250504014100,0
20250502094600,0
20250430151900,0
20250503071300,0
20250430151700,0
20250429151400,0
20250503162000,0
20250430054700,0
20250430122500,0
20250503015800,0
20250502154500,0
20250501025500,0
20250502090600,0
20250503075100,0
20250501124400,0
20250430061000,0
20250430111700,0
20250503065500,0
20250429185000,0
20250501171200,0
20250502120100,0
20250501131200,0
20250430041700,0
20250502180300,0
20250502084200,0
20250502202300,0
20250503001700,0
20250501210400,0
20250502225400,0
20250429222700,0
20250501100000,0
20250502191200,1
20250503030900,0
20250504005600,0
20250502192000,0
20250501044500,0
20250502091900,0
20250429193600,0
20250429173400,0
20250501044600,0
20250503084900,0
20250504010300,0
20250430070900,0
20250503044900,0
20250429233000,0
20250501051900,0
20250501040500,0
20250502201700,0
20250503111700,0
20250430112000,0
20250430085300,0
20250429235100,0
20250430010700,0
20250503223800,0
20250502142500,0
20250429132500,0
20250502174500,0
20250503064500,0
20250503043300,0
20250502142700,0
20250502092200,0
20250503004900,0
20250430153500,0
20250430100700,0
20250501082700,0
20250503115600,0
20250503171800,0
20250430031500,0
20250430005000,0
20250502161700,1
20250503110900,0
20250502160400,0
20250503044800,0
20250502164700,0
20250429220700,0
20250501194800,0
20250503012700,0
20250503041900,0
20250502132300,0
20250503032300,0
20250430080700,0
20250502081100,0
20250430123100,0
20250502135800,0
20250430232400,0
20250501173000,0
20250430145000,0
20250503203800,0
20250503121200,0
20250430061100,0
20250502165600,0
20250502043700,0
20250501165000,0
20250430074100,0
20250429225900,0
20250504015300,1
20250501120400,0
20250430195400,0
20250501231500,0
20250430111900,0
20250501133500,0
20250501165600,0
20250501162800,0
20250503105200,0
20250502185600,0
20250502145000,0
20250503041500,0
20250503232000,0
20250501070000,0
20250503172500,0
20250430043400,0
20250502211300,0
20250430220900,0
20250501034300,0
20250430130800,0
20250430212400,0
20250430154900,0
20250501191500,0
20250430055400,0
20250501023300,0
20250503221300,0
20250501050100,0
20250501032100,0
20250430191400,1
20250502044300,1
20250429184500,0
20250502103200,0
20250503221200,0
20250429142700,0
20250501115100,0
20250501222800,0
20250430135100,0
20250502150700,0
20250430143700,0
20250430113200,0
20250501213500,0
20250429143600,0
20250501122100,0
20250429185400,0
20250502133600,0
20250501080100,0
20250503014400,0
20250503224800,0
20250429224100,0
20250503115900,0
20250429191100,0
20250502211200,0
20250503134100,0
20250503105000,0
20250503093300,0
20250501033500,0
20250501014000,0
20250430113100,0
20250501115900,0
20250503150200,0
20250430081500,0
20250430075100,0
20250430044700,0
20250502212700,0
20250430180700,0
20250501024900,0
20250430162700,1
20250430062600,0
20250501235700,0
20250502154900,0
20250430152000,1
20250430225700,0
20250503161700,0
20250503120000,0
20250502145300,0
20250503224500,0
20250430002400,0
20250430103900,0
20250503020000,0
20250429162700,0
20250430035800,0
20250430114900,0
20250501172500,0
20250430123300,0
20250430033800,0
20250503093000,0
20250430125400,0
20250503092600,0
20250430072900,0
20250502002200,0
20250502021700,0
20250502150300,0
20250501142200,1
20250502022000,0
20250501084200,0
20250503012900,0
20250502212800,0
20250501063900,0
20250503211500,0
20250502093300,0
20250501235300,0
20250430014200,0
20250429210300,0
20250502045700,0
20250501011100,0
20250430063300,0
20250501021700,0
20250501080700,0
20250503090500,0
20250429215900,0
20250501015900,0
20250501210000,0
20250429195500,0
20250430174000,2
20250429180400,0
20250502054200,0
20250501142700,0
20250503172600,0
20250503023900,0
20250429205400,0
20250502114800,0
20250430022300,0
20250501124000,0
20250502003200,0
20250502221100,0
20250503110700,0
20250429211400,0
20250501220900,0
20250429181500,0
20250429233300,0
20250501005400,0
20250503224100,0
20250503055300,0
20250503084600,0
20250502064900,0
20250501155100,2
20250503093800,0
20250429225700,0
20250502071500,0
20250502103300,0
20250502043900,0
20250429214900,0
20250501223700,0
20250502102500,0
20250430211400,0
20250502021800,0
20250503223500,0
20250429220000,0
20250430171700,0
20250430111500,0
20250501225100,0
20250430123700,0
20250429140600,0
20250503195500,0
20250430112600,0
20250430044100,0
20250430193400,0
20250430221000,0
20250501213700,0
20250430115000,0
20250503091800,0
20250502151400,0
20250502172200,0
20250429210000,0
20250429195000,0
20250501035400,0
20250501135100,0
20250501004700,0
20250430063800,0
20250430180200,0
20250503053300,0
20250502001300,0
20250430012600,0
20250502085800,0
20250501162500,0
20250501222600,0
20250430230500,0
20250503033400,0
20250503181100,0
20250430042600,0
20250502160200,0
20250430223100,0
20250502163100,0
20250430121300,0
20250504032300,0
20250502111500,0
20250501013300,0
20250430234500,0
20250430033500,0
20250501074900,0
20250501080300,0
20250502151000,0
20250504005900,0
20250430062400,0
20250430214900,0
20250502050300,0
20250502220600,0
20250503173800,0
20250502030300,0
20250502141700,0
20250501092400,0
20250503185100,0
20250503203900,0
20250501161400,0
20250501010600,0
20250502101400,0
20250502011200,0
20250503003100,0
20250502225300,0
20250430160700,0
20250430193900,0
20250501164800,0
20250502054700,0
20250502043300,0
20250504010900,0
20250502123700,0
20250430065200,0
20250502001500,0
20250503223400,0
20250501072500,0
20250501185100,0
20250501001500,0
20250429134100,0
20250429193800,0
20250502111000,0
20250501044100,0
20250501031800,0
20250501130200,0
20250502024600,0
20250504013300,0
20250502022600,0
20250429231300,0
20250503232500,0
20250502125000,0
20250502025900,0
20250429164500,0
20250501171600,0
20250430022700,0
20250430002700,0
20250502103000,0
20250429225400,0
20250501213900,0
20250430150100,0
20250503064400,0
20250429141700,0
20250430004100,0
20250502004200,0
20250429233200,0
20250502043500,0
20250503054400,0
20250503184200,0
20250502031700,0
20250501004000,0
20250501003400,0
20250501102800,0
20250503230100,0
20250501155600,0
20250502005700,0
20250503195200,0
20250501154400,0
20250501011400,0
20250430041500,0
20250430192800,1
20250430194800,0
20250503053100,0
20250429224800,0
20250430122300,0
20250429134200,0
20250430134600,0
20250503182200,0
20250429184700,0
20250504031900,0
20250503193700,0
20250503125400,0
20250501231300,0
20250502143800,0
20250430104700,0
20250430005900,0
20250503060100,0
20250501102500,0
20250430144000,0
20250502131100,0
20250430015800,0
20250430232600,0
20250502060500,0
20250501064200,0
20250502215200,0
20250502140500,0
20250430030900,0
20250503171100,0
20250503033800,0
20250504015400,0
20250430074800,0
20250429171400,0
20250430125500,0
20250430193500,1
20250503065100,0
20250502005200,0
20250504015100,0
20250430170800,0
20250504021800,0
20250501085300,0
20250503115500,0
20250430165000,0
20250502203500,0
20250503072200,0
20250503065700,0
20250503155400,1
20250430051500,0
20250503104000,0
20250502215500,0
20250502160900,0
20250501204500,0
20250429154600,0
20250501092900,0
20250430200900,0
20250429144000,0
20250502063200,0
20250502230400,0
20250429223400,0
20250503121900,0
20250503150100,0
20250503065800,0
20250429234100,0
20250503001300,0
20250503103100,0
20250501040800,0
20250504001700,0
20250429192200,0
20250501171300,0
20250503181700,0
20250501060400,0
20250502184500,0
20250503124200,0
20250501214700,0
20250501084800,0
20250430030400,0
20250430080900,0
20250430023900,0
20250430130100,0
20250430160400,0
20250501234800,0
20250430120100,0
20250501095900,0
20250430220700,0
20250503001600,0
20250501064300,0
20250430195200,0
20250429194000,0
20250502235100,0
20250501212800,0
20250430192600,0
20250501081900,0
20250503235700,0
20250502091400,0
20250430035200,0
20250430074200,0
20250504001800,0
20250429201900,0
20250504011300,0
20250503171500,0
20250430080400,0
20250503004000,0
20250503065300,0
20250501092200,0
20250503193100,0
20250429145000,0
20250429142000,0
20250501221200,0
20250503053700,0
20250503144900,0
20250501224500,0
20250502184300,0
20250501045800,0
20250503005200,0
20250501033800,0
20250502214300,0
20250430220500,0
20250430124100,0
20250504022000,0
20250430025100,0
20250429200800,0
20250502155400,0
20250502035500,0
20250429230800,0
20250430081800,0
20250430110800,0
20250502085900,0
20250502022200,0
20250430003400,0
20250430192000,0
20250430120700,0
20250502030700,1
20250503121300,0
20250430163500,2
20250501195000,0
20250501162600,0
20250503075300,0
20250503234300,0
20250430110400,0
20250430175500,2
20250501001900,0
20250502040700,0
20250502061000,0
20250502232500,0
20250502125400,0
20250501211700,0
20250501103800,2
20250430175300,1
20250501033700,0
20250430103500,0
20250501203300,0
20250501121100,0
20250503194300,0
20250504004800,0
20250501062600,0
20250501010700,0
20250501130300,0
20250502093200,0
20250429194300,0
20250502011000,0
20250504013100,0
20250430181500,0
20250502200100,0
20250502213800,0
20250430215200,0
20250430112700,0
20250501070100,0
20250501153600,0
20250502084100,0
20250503145600,0
20250503225200,0
20250430024700,0
20250503054600,0
20250501135300,0
20250501095500,0
20250502074600,0
20250429214100,0
20250430014600,0
20250501231700,0
20250503000200,0
20250430193100,1
20250501092800,0
20250502190700,2
20250430022400,1
20250430105600,0
20250430184800,0
